SUCountry,SUCode,SUName
AD,02,Canillo
AD,03,Encamp
AD,04,La Massana
AD,05,Ordino
AD,06,Sant Julià de Lòria
AD,07,Andorra la Vella
AD,08,Escaldes-Engordany
AE,AJ,'Ajmān
AE,AZ,Abū Z̧aby [Abu Dhabi]
AE,DU,Dubayy [Dubai]
AE,FU,Al Fujayrah
AE,RK,Ra’s al Khaymah
AE,SH,Ash Shāriqah [Sharjah]
AE,UQ,Umm al Qaywayn
AF,BAL,Balkh
AF,BAM,Bāmyān
AF,BDG,Bādghīs
AF,BDS,Badakhshān
AF,BGL,Baghlān
AF,DAY,Dāykundī
AF,FRA,Farāh
AF,FYB,Fāryāb
AF,GHA,Ghaznī
AF,GHO,Ghōr
AF,HEL,Helmand
AF,HER,Herāt
AF,JOW,Jowzjān
AF,KAB,Kābul
AF,KAN,Kandahār
AF,KAP,Kāpīsā
AF,KDZ,Kunduz
AF,KHO,Khōst
AF,KNR,Kunaṟ
AF,LAG,Laghmān
AF,LOG,Lōgar
AF,NAN,Nangarhār
AF,NIM,Nīmrōz
AF,NUR,Nūristān
AF,PAN,Panjshayr
AF,PAR,Parwān
AF,PIA,Paktiyā
AF,PKA,Paktīkā
AF,SAM,Samangān
AF,SAR,Sar-e Pul
AF,TAK,Takhār
AF,URU,Urūzgān
AF,WAR,Wardak
AF,ZAB,Zābul
AG,03,Saint George
AG,04,Saint John
AG,05,Saint Mary
AG,06,Saint Paul
AG,07,Saint Peter
AG,08,Saint Philip
AG,10,Barbuda
AG,11,Redonda
AL,01,Berat
AL,02,Durrës
AL,03,Elbasan
AL,04,Fier
AL,05,Gjirokastër
AL,06,Korçë
AL,07,Kukës
AL,08,Lezhë
AL,09,Dibër
AL,10,Shkodër
AL,11,Tiranë
AL,12,Vlorë
AM,AG,Aragac̣otn
AM,AR,Ararat
AM,AV,Armavir
AM,ER,Erevan
AM,GR,Geġark'unik'
AM,KT,Kotayk'
AM,LO,Loṙi
AM,SH,Širak
AM,SU,Syunik'
AM,TV,Tavuš
AM,VD,Vayoć Jor
AO,BGO,Bengo
AO,BGU,Benguela
AO,BIE,Bié
AO,CAB,Cabinda
AO,CCU,Kuando Kubango
AO,CNN,Cunene
AO,CNO,Kwanza Norte
AO,CUS,Kwanza Sul
AO,HUA,Huambo
AO,HUI,Huíla
AO,LNO,Lunda Norte
AO,LSU,Lunda Sul
AO,LUA,Luanda
AO,MAL,Malange
AO,MOX,Moxico
AO,NAM,Namibe
AO,UIG,Uíge
AO,ZAI,Zaire
AR,A,Salta
AR,B,Buenos Aires
AR,C,Ciudad Autónoma de Buenos Aires
AR,D,San Luis
AR,E,Entre Ríos
AR,F,La Rioja
AR,G,Santiago del Estero
AR,H,Chaco
AR,J,San Juan
AR,K,Catamarca
AR,L,La Pampa
AR,M,Mendoza
AR,N,Misiones
AR,P,Formosa
AR,Q,Neuquén
AR,R,Río Negro
AR,S,Santa Fe
AR,T,Tucumán
AR,U,Chubut
AR,V,Tierra del Fuego
AR,W,Corrientes
AR,X,Córdoba
AR,Y,Jujuy
AR,Z,Santa Cruz
AT,1,Burgenland
AT,2,Kärnten
AT,3,Niederösterreich
AT,4,Oberösterreich
AT,5,Salzburg
AT,6,Steiermark
AT,7,Tirol
AT,8,Vorarlberg
AT,9,Wien
AU,ACT,Australian Capital Territory
AU,NSW,New South Wales
AU,NT,Northern Territory
AU,QLD,Queensland
AU,SA,South Australia
AU,TAS,Tasmania
AU,VIC,Victoria
AU,WA,Western Australia
AZ,ABS,Abşeron
AZ,AGA,Ağstafa
AZ,AGC,Ağcabədi
AZ,AGM,Ağdam
AZ,AGS,Ağdaş
AZ,AGU,Ağsu
AZ,AST,Astara
AZ,BA,Bakı
AZ,BAB,Babək
AZ,BAL,Balakən
AZ,BAR,Bərdə
AZ,BEY,Beyləqan
AZ,BIL,Biləsuvar
AZ,CAB,Cəbrayıl
AZ,CAL,Cəlilabad
AZ,CUL,Culfa
AZ,DAS,Daşkəsən
AZ,FUZ,Füzuli
AZ,GA,Gəncə
AZ,GAD,Gədəbəy
AZ,GOR,Goranboy
AZ,GOY,Göyçay
AZ,GYG,Göygöl
AZ,HAC,Hacıqabul
AZ,IMI,İmişli
AZ,ISM,İsmayıllı
AZ,KAL,Kəlbəcər
AZ,KAN,Kǝngǝrli
AZ,KUR,Kürdəmir
AZ,LA,Lənkəran
AZ,LAC,Laçın
AZ,LAN,Lənkəran
AZ,LER,Lerik
AZ,MAS,Masallı
AZ,MI,Mingəçevir
AZ,NA,Naftalan
AZ,NEF,Neftçala
AZ,NV,Naxçıvan
AZ,NX,Naxçıvan
AZ,OGU,Oğuz
AZ,ORD,Ordubad
AZ,QAB,Qəbələ
AZ,QAX,Qax
AZ,QAZ,Qazax
AZ,QBA,Quba
AZ,QBI,Qubadlı
AZ,QOB,Qobustan
AZ,QUS,Qusar
AZ,SA,Şəki
AZ,SAB,Sabirabad
AZ,SAD,Sədərək
AZ,SAH,Şahbuz
AZ,SAK,Şəki
AZ,SAL,Salyan
AZ,SAR,Şərur
AZ,SAT,Saatlı
AZ,SBN,Şabran
AZ,SIY,Siyəzən
AZ,SKR,Şəmkir
AZ,SM,Sumqayıt
AZ,SMI,Şamaxı
AZ,SMX,Samux
AZ,SR,Şirvan
AZ,SUS,Şuşa
AZ,TAR,Tərtər
AZ,TOV,Tovuz
AZ,UCA,Ucar
AZ,XA,Xankəndi
AZ,XAC,Xaçmaz
AZ,XCI,Xocalı
AZ,XIZ,Xızı
AZ,XVD,Xocavənd
AZ,YAR,Yardımlı
AZ,YE,Yevlax
AZ,YEV,Yevlax
AZ,ZAN,Zəngilan
AZ,ZAQ,Zaqatala
AZ,ZAR,Zərdab
BA,BIH,Federacija Bosne i Hercegovine
BA,BRC,Brčko distrikt
BA,SRP,Republika Srpska
BB,01,Christ Church
BB,02,Saint Andrew
BB,03,Saint George
BB,04,Saint James
BB,05,Saint John
BB,06,Saint Joseph
BB,07,Saint Lucy
BB,08,Saint Michael
BB,09,Saint Peter
BB,10,Saint Philip
BB,11,Saint Thomas
BD,01,Bandarban
BD,02,Barguna
BD,03,Bogra
BD,04,Brahmanbaria
BD,05,Bagerhat
BD,06,Barisal
BD,07,Bhola
BD,08,Comilla
BD,09,Chandpur
BD,10,Chittagong
BD,11,Cox's Bazar
BD,12,Chuadanga
BD,13,Dhaka
BD,14,Dinajpur
BD,15,Faridpur
BD,16,Feni
BD,17,Gopalganj
BD,18,Gazipur
BD,19,Gaibandha
BD,20,Habiganj
BD,21,Jamalpur
BD,22,Jessore
BD,23,Jhenaidah
BD,24,Joypurhat
BD,25,Jhalakathi
BD,26,Kishoreganj
BD,27,Khulna
BD,28,Kurigram
BD,29,Khagrachhari
BD,30,Kushtia
BD,31,Lakshmipur
BD,32,Lalmonirhat
BD,33,Manikganj
BD,34,Mymensingh
BD,35,Munshiganj
BD,36,Madaripur
BD,37,Magura
BD,38,Moulvibazar
BD,39,Meherpur
BD,40,Narayanganj
BD,41,Netrakona
BD,42,Narsingdi
BD,43,Narail
BD,44,Natore
BD,45,Chapai Nawabganj
BD,46,Nilphamari
BD,47,Noakhali
BD,48,Naogaon
BD,49,Pabna
BD,50,Pirojpur
BD,51,Patuakhali
BD,52,Panchagarh
BD,53,Rajbari
BD,54,Rajshahi
BD,55,Rangpur
BD,56,Rangamati
BD,57,Sherpur
BD,58,Satkhira
BD,59,Sirajganj
BD,60,Sylhet
BD,61,Sunamganj
BD,62,Shariatpur
BD,63,Tangail
BD,64,Thakurgaon
BE,BRU,"Bruxelles-Capitale, Région de"
BE,VAN,Antwerpen
BE,VBR,Vlaams Brabant
BE,VLI,Limburg
BE,VOV,Oost-Vlaanderen
BE,VWV,West-Vlaanderen
BE,WBR,Brabant wallon
BE,WHT,Hainaut
BE,WLG,Liège
BE,WLX,Luxembourg
BE,WNA,Namur
BF,BAL,Balé
BF,BAM,Bam
BF,BAN,Banwa
BF,BAZ,"Bazèga ga"
BF,BGR,Bougouriba
BF,BLG,Boulgou
BF,BLK,Boulkiemdé
BF,COM,Comoé
BF,GAN,Ganzourgou
BF,GNA,Gnagna
BF,GOU,Gourma
BF,HOU,Houet
BF,IOB,Ioba
BF,KAD,Kadiogo
BF,KEN,Kénédougou
BF,KMD,Komondjari
BF,KMP,Kompienga
BF,KOP,Koulpélogo
BF,KOS,Kossi
BF,KOT,Kouritenga
BF,KOW,Kourwéogo
BF,LER,Léraba
BF,LOR,Loroum
BF,MOU,Mouhoun
BF,NAM,Namentenga
BF,NAO,Nahouri
BF,NAY,Nayala
BF,NOU,Noumbiel
BF,OUB,Oubritenga
BF,OUD,Oudalan
BF,PAS,Passoré
BF,PON,Poni
BF,SEN,Séno
BF,SIS,Sissili
BF,SMT,Sanmatenga
BF,SNG,Sanguié
BF,SOM,Soum
BF,SOR,Sourou
BF,TAP,Tapoa
BF,TUI,Tuy
BF,YAG,Yagha
BF,YAT,Yatenga
BF,ZIR,Ziro
BF,ZON,Zondoma
BF,ZOU,Zoundwéogo
BG,01,Blagoevgrad
BG,02,Burgas
BG,03,Varna
BG,04,Veliko Tarnovo
BG,05,Vidin
BG,06,Vratsa
BG,07,Gabrovo
BG,08,Dobrich
BG,09,Kardzhali
BG,10,Kjustendil
BG,11,Lovech
BG,12,Montana
BG,13,Pazardzik
BG,14,Pernik
BG,15,Pleven
BG,16,Plovdiv
BG,17,Razgrad
BG,18,Ruse
BG,19,Silistra
BG,20,Sliven
BG,21,Smolyan
BG,22,Sofia (stolitsa)
BG,23,Sofia
BG,24,Stara Zagora
BG,25,Targovishte
BG,26,Haskovo
BG,27,Shumen
BG,28,Yambol
BH,13,Al ‘Āşimah
BH,14,Al Janūbīyah
BH,15,Al Muḩarraq
BH,17,Ash Shamālīyah
BI,BB,Bubanza
BI,BL,Bujumbura Rural
BI,BM,Bujumbura Mairie
BI,BR,Bururi
BI,CA,Cankuzo
BI,CI,Cibitoke
BI,GI,Gitega
BI,KI,Kirundo
BI,KR,Karuzi
BI,KY,Kayanza
BI,MA,Makamba
BI,MU,Muramvya
BI,MW,Mwaro
BI,MY,Muyinga
BI,NG,Ngozi
BI,RM,Rumonge
BI,RT,Rutana
BI,RY,Ruyigi
BJ,AK,Atacora
BJ,AL,Alibori
BJ,AQ,Atlantique
BJ,BO,Borgou
BJ,CO,Collines
BJ,DO,Donga
BJ,KO,Couffo
BJ,LI,Littoral
BJ,MO,Mono
BJ,OU,Ouémé
BJ,PL,Plateau
BJ,ZO,Zou
BN,BE,Belait
BN,BM,Brunei dan -Muara
BN,TE,Temburong
BN,TU,Tutong
BO,B,El Beni
BO,C,Cochabamba
BO,H,Chuquisaca
BO,L,La Paz
BO,N,Pando
BO,O,Oruro
BO,P,Potosí
BO,S,Santa Cruz
BO,T,Tarija
BQ,BO,Bonaire
BQ,SA,Saba
BQ,SE,Sint Eustatius
BR,AC,Acre
BR,AL,Alagoas
BR,AM,Amazonas
BR,AP,Amapá
BR,BA,Bahia
BR,CE,Ceará
BR,DF,Distrito Federal
BR,ES,Espírito Santo
BR,GO,Goiás
BR,MA,Maranhão
BR,MG,Minas Gerais
BR,MS,Mato Grosso do Sul
BR,MT,Mato Grosso
BR,PA,Pará
BR,PB,Paraíba
BR,PE,Pernambuco
BR,PI,Piauí
BR,PR,Paraná
BR,RJ,Rio de Janeiro
BR,RN,Rio Grande do Norte
BR,RO,Rondônia
BR,RR,Roraima
BR,RS,Rio Grande do Sul
BR,SC,Santa Catarina
BR,SE,Sergipe
BR,SP,São Paulo
BR,TO,Tocantins
BS,AK,Acklins
BS,BI,Bimini
BS,BP,Black Point
BS,BY,Berry Islands
BS,CE,Central Eleuthera
BS,CI,Cat Island
BS,CK,Crooked Island and Long Cay
BS,CO,Central Abaco
BS,CS,Central Andros
BS,EG,East Grand Bahama
BS,EX,Exuma
BS,FP,City of Freeport
BS,GC,Grand Cay
BS,HI,Harbour Island
BS,HT,Hope Town
BS,IN,Inagua
BS,LI,Long Island
BS,MC,Mangrove Cay
BS,MG,Mayaguana
BS,MI,Moore's Island
BS,NE,North Eleuthera
BS,NO,North Abaco
BS,NP,New Providence
BS,NS,North Andros
BS,RC,Rum Cay
BS,RI,Ragged Island
BS,SA,South Andros
BS,SE,South Eleuthera
BS,SO,South Abaco
BS,SS,San Salvador
BS,SW,Spanish Wells
BS,WG,West Grand Bahama
BT,11,Paro
BT,12,Chhukha
BT,13,Haa
BT,14,Samtse
BT,15,Thimphu
BT,21,Tsirang
BT,22,Dagana
BT,23,Punakha
BT,24,Wangdue Phodrang
BT,31,Sarpang
BT,32,Trongsa
BT,33,Bumthang
BT,34,Zhemgang
BT,41,Trashigang
BT,42,Monggar
BT,43,Pemagatshel
BT,44,Lhuentse
BT,45,Samdrup Jongkhar
BT,GA,Gasa
BT,TY,Trashi Yangtse
BW,CE,Central
BW,CH,Chobe
BW,FR,Francistown
BW,GA,Gaborone
BW,GH,Ghanzi
BW,JW,Jwaneng
BW,KG,Kgalagadi
BW,KL,Kgatleng
BW,KW,Kweneng
BW,LO,Lobatse
BW,NE,North East
BW,NW,North West
BW,SE,South East
BW,SO,Southern
BW,SP,Selibe Phikwe
BW,ST,Sowa Town
BY,BR,Bresckaja voblasć (be) - Brestskaja oblast' (ru)
BY,HM,Horad Minsk
BY,HO,Homyel'skaya voblasts' (be) - Gomel'skaya oblast' (ru)
BY,HR,Hrodzenskaya voblasts' (be) - Grodnenskaya oblast' (ru)
BY,MA,Mahilyowskaya voblasts' (be) - Mogilevskaya oblast' (ru)
BY,MI,Minskaya voblasts' (be) - Minskaya oblast' (ru)
BY,VI,Vitsyebskaya voblasts' (be) - Vitebskaya oblast' (ru)
BZ,BZ,Belize
BZ,CY,Cayo
BZ,CZL,Corozal
BZ,OW,Orange Walk
BZ,SC,Stann Creek
BZ,TOL,Toledo
CA,AB,Alberta
CA,BC,British Columbia
CA,MB,Manitoba
CA,NB,New Brunswick
CA,NL,Newfoundland and Labrador
CA,NS,Nova Scotia
CA,NT,Northwest Territories
CA,NU,Nunavut
CA,ON,Ontario
CA,PE,Prince Edward Island
CA,QC,Quebec
CA,SK,Saskatchewan
CA,YT,Yukon
CD,BC,Kongo Central
CD,BU,Bas-Uélé
CD,EQ,Équateur
CD,HK,Haut-Katanga
CD,HL,Haut-Lomami
CD,HU,Haut-Uélé
CD,IT,Ituri
CD,KC,Kasaï Central
CD,KE,Kasaï Oriental
CD,KG,Kwango
CD,KL,Kwilu
CD,KN,Kinshasa
CD,KS,Kasaï
CD,LO,Lomami
CD,LU,Lualaba
CD,MA,Maniema
CD,MN,Mai-Ndombe
CD,MO,Mongala
CD,NK,Nord-Kivu
CD,NU,Nord-Ubangi
CD,SA,Sankuru
CD,SK,Sud-Kivu
CD,SU,Sud-Ubangi
CD,TA,Tanganyika
CD,TO,Tshopo
CD,TU,Tshuapa
CF,AC,Ouham
CF,BB,Bamingui-Bangoran
CF,BGF,Bangui
CF,BK,Basse-Kotto
CF,HK,Haute-Kotto
CF,HM,Haut-Mbomou
CF,HS,Mambéré-Kadéï
CF,KB,Gribingui
CF,KG,Kémo‐Gribingui
CF,LB,Lobaye
CF,MB,Mbomou
CF,MP,Ombella-Mpoko
CF,NM,Nana-Mambéré
CF,OP,Ouham-Pendé
CF,SE,Sangha
CF,UK,Ouaka
CF,VK,Vakaga
CG,11,Bouenza
CG,12,Pool
CG,13,Sangha
CG,14,Plateaux
CG,15,Cuvette-Ouest
CG,16,Pointe-Noire
CG,2,Lékoumou
CG,5,Kouilou
CG,7,Likouala
CG,8,Cuvette
CG,9,Niari
CG,BZV,Brazzaville
CH,AG,Aargau (de)
CH,AI,Appenzell Innerrhoden (de)
CH,AR,Appenzell Ausserrhoden (de)
CH,BE,Bern (de)
CH,BL,Basel-Landschaft (de)
CH,BS,Basel-Stadt (de)
CH,FR,Fribourg (fr)
CH,GE,Genève (fr)
CH,GL,Glarus (de)
CH,GR,Graubünden (de)
CH,JU,Jura (fr)
CH,LU,Luzern (de)
CH,NE,Neuchâtel (fr)
CH,NW,Nidwalden (de)
CH,OW,Obwalden (de)
CH,SG,Sankt Gallen (de)
CH,SH,Schaffhausen (de)
CH,SO,Solothurn (de)
CH,SZ,Schwyz (de)
CH,TG,Thurgau (de)
CH,TI,Ticino (it)
CH,UR,Uri (de)
CH,VD,Vaud (fr)
CH,VS,Valais (fr)
CH,ZG,Zug (de)
CH,ZH,Zürich (de)
CI,AB,Abidjan
CI,BS,Bas-Sassandra
CI,CM, Comoé
CI,DN,Denguélé
CI,GD,Gôh-Djiboua
CI,LC,Lacs
CI,LG,Lagunes
CI,MG,Montagnes
CI,SM,Sassandra-Marahoué
CI,SV,Savanes
CI,VB,Vallée du Bandama
CI,WR,Woroba
CI,YM,Yamoussoukro
CI,ZZ,Zanzan
CL,AI,Aisén del General Carlos Ibañez del Campo
CL,AN,Antofagasta
CL,AP,Arica y Parinacota
CL,AR,La Araucanía
CL,AT,Atacama
CL,BI,Biobío
CL,CO,Coquimbo
CL,LI,Libertador General Bernardo O'Higgins
CL,LL,Los Lagos
CL,LR,Los Ríos
CL,MA,Magallanes
CL,ML,Maule
CL,NB,Ñuble
CL,RM,Región Metropolitana de Santiago
CL,TA,Tarapacá
CL,VS,Valparaíso
CM,AD,Adamaoua
CM,CE,Centre
CM,EN,Far North
CM,ES,East
CM,LT,Littoral
CM,NO,North
CM,NW,North-West
CM,OU,West
CM,SU,South
CM,SW,South-West
CN,AH,Anhui Sheng
CN,BJ,Beijing Shi
CN,CQ,Chongqing Shi
CN,FJ,Fujian Sheng
CN,GD,Guangdong Sheng
CN,GS,Gansu Sheng
CN,GX,Guangxi Zhuangzu Zizhiqu
CN,GZ,Guizhou Sheng
CN,HA,Henan Sheng
CN,HB,Hubei Sheng
CN,HE,Hebei Sheng
CN,HI,Hainan Sheng
CN,HK,Hong Kong SAR
CN,HL,Heilongjiang Sheng
CN,HN,Hunan Sheng
CN,JL,Jilin Sheng
CN,JS,Jiangsu Sheng
CN,JX,Jiangxi Sheng
CN,LN,Liaoning Sheng
CN,MO,Macao SAR
CN,NM,Nei Mongol Zizhiqu
CN,NX,Ningxia Huizu Zizhiqu
CN,QH,Qinghai Sheng
CN,SC,Sichuan Sheng
CN,SD,Shandong Sheng
CN,SH,Shanghai Shi
CN,SN,Shaanxi Sheng
CN,SX,Shanxi Sheng
CN,TJ,Tianjin Shi
CN,TW,Taiwan Sheng
CN,XJ,Xinjiang Uygur Zizhiqu
CN,XZ,Xizang Zizhiqu
CN,YN,Yunnan Sheng
CN,ZJ,Zhejiang Sheng
CO,AMA,Amazonas
CO,ANT,Antioquia
CO,ARA,Arauca
CO,ATL,Atlántico
CO,BOL,Bolívar
CO,BOY,Boyacá
CO,CAL,Caldas
CO,CAQ,Caquetá
CO,CAS,Casanare
CO,CAU,Cauca
CO,CES,Cesar
CO,CHO,Chocó
CO,COR,Córdoba
CO,CUN,Cundinamarca
CO,DC,Distrito Capital de Bogotá
CO,GUA,Guainía
CO,GUV,Guaviare
CO,HUI,Huila
CO,LAG,La Guajira
CO,MAG,Magdalena
CO,MET,Meta
CO,NAR,Nariño
CO,NSA,Norte de Santander
CO,PUT,Putumayo
CO,QUI,Quindío
CO,RIS,Risaralda
CO,SAN,Santander
CO,SAP,"San Andrés, Providencia y Santa Catalina"
CO,SUC,Sucre
CO,TOL,Tolima
CO,VAC,Valle del Cauca
CO,VAU,Vaupés
CO,VID,Vichada
CR,A,Alajuela
CR,C,Cartago
CR,G,Guanacaste
CR,H,Heredia
CR,L,Limón
CR,P,Puntarenas
CR,SJ,San José
CU,01,Pinar del Río
CU,02,La Habana
CU,03,Ciudad de La Habana
CU,04,Matanzas
CU,05,Villa Clara
CU,06,Cienfuegos
CU,07,Sancti Spíritus
CU,08,Ciego de Ávila
CU,09,Camagüey
CU,10,Las Tunas
CU,11,Holguín
CU,12,Granma
CU,13,Santiago de Cuba
CU,14,Guantánamo
CU,15,Artemisa
CU,16,Mayabeque
CU,99,Isla de la Juventud
CV,BR,Brava
CV,BV,Boa Vista
CV,CA,Santa Catarina
CV,CF,Santa Catarina do Fogo
CV,CR,Santa Cruz
CV,MA,Maio
CV,MO,Mosteiros
CV,PA,Paul
CV,PN,Porto Novo
CV,PR,Praia
CV,RB,Ribeira Brava
CV,RG,Ribeira Grande
CV,RS,Ribeira Grande de Santiago
CV,SD,São Domingos
CV,SF,São Filipe
CV,SL,Sal
CV,SM,São Miguel
CV,SO,São Lourenço dos Órgãos
CV,SS,São Salvador do Mundo
CV,SV,São Vicente
CV,TA,Tarrafal
CV,TS,Tarrafal de São Nicolau
CY,01,Lefkosia
CY,02,Lemesos
CY,03,Larnaka
CY,04,Ammochostos
CY,05,Pafos
CY,06,Keryneia
CZ,10,"Praha, Hlavní město"
CZ,20,Středočeský kraj
CZ,31,Jihočeský kraj
CZ,32,Plzeňský kraj
CZ,41,Karlovarský kraj
CZ,42,Ústecký kraj
CZ,51,Liberecký kraj
CZ,52,Královéhradecký kraj
CZ,53,Pardubický kraj
CZ,63,Kraj Vysočina
CZ,64,Jihomoravský kraj
CZ,71,Olomoucký kraj
CZ,72,Zlínský kraj
CZ,80,Moravskoslezský kraj
DE,BB,Brandenburg
DE,BE,Berlin
DE,BW,Baden-Württemberg
DE,BY,Bayern
DE,HB,Bremen
DE,HE,Hessen
DE,HH,Hamburg
DE,MV,Mecklenburg-Vorpommern
DE,NI,Niedersachsen
DE,NW,Nordrhein-Westfalen
DE,RP,Rheinland-Pfalz
DE,SH,Schleswig-Holstein
DE,SL,Saarland
DE,SN,Sachsen
DE,ST,Sachsen-Anhalt
DE,TH,Thüringen
DJ,AR,Arta
DJ,AS,Ali Sabieh
DJ,DI,Dikhil
DJ,DJ,Djibouti
DJ,OB,Obock
DJ,TA,Tadjourah
DK,81,Nordjylland
DK,82,Midtjylland
DK,83,Syddanmark
DK,84,Hovedstaden
DK,85,Sjælland
DM,02,Saint Andrew
DM,03,Saint David
DM,04,Saint George
DM,05,Saint John
DM,06,Saint Joseph
DM,07,Saint Luke
DM,08,Saint Mark
DM,09,Saint Patrick
DM,10,Saint Paul
DM,11,Saint Peter
DO,01,Distrito Nacional (Santo Domingo)
DO,02,Azua
DO,03,Baoruco
DO,04,Barahona
DO,05,Dajabón
DO,06,Duarte
DO,07,Elías Piña
DO,08,El Seibo
DO,09,Espaillat
DO,10,Independencia
DO,11,La Altagracia
DO,12,La Romana
DO,13,La Vega
DO,14,María Trinidad Sánchez
DO,15,Monte Cristi
DO,16,Pedernales
DO,17,Peravia
DO,18,Puerto Plata
DO,19,Hermanas Mirabal
DO,20,Samaná
DO,21,San Cristóbal
DO,22,San Juan
DO,23,San Pedro de Macorís
DO,24,Sánchez Ramírez
DO,25,Santiago
DO,26,Santiago Rodríguez
DO,27,Valverde
DO,28,Monseñor Nouel
DO,29,Monte Plata
DO,30,Hato Mayor
DO,31,San José de Ocoa
DO,32,Santo Domingo
DO,33,Cibao Nordeste
DO,34,Cibao Noroeste
DO,35,Cibao Norte
DO,36,Cibao Sur
DO,37,El Valle
DO,38,Enriquillo
DO,39,Higuamo
DO,40,Ozama
DO,41,Valdesia
DO,42,Yuma
DZ,01,Adrar
DZ,02,Chlef
DZ,03,Laghouat
DZ,04,Oum el Bouaghi
DZ,05,Batna
DZ,06,Béjaïa
DZ,07,Biskra
DZ,08,Béchar
DZ,09,Blida
DZ,10,Bouira
DZ,11,Tamanrasset
DZ,12,Tébessa
DZ,13,Tlemcen
DZ,14,Tiaret
DZ,15,Tizi Ouzou
DZ,16,Alger
DZ,17,Djelfa
DZ,18,Jijel
DZ,19,Sétif
DZ,20,Saïda
DZ,21,Skikda
DZ,22,Sidi Bel Abbès
DZ,23,Annaba
DZ,24,Guelma
DZ,25,Constantine
DZ,26,Médéa
DZ,27,Mostaganem
DZ,28,M'sila
DZ,29,Mascara
DZ,30,Ouargla
DZ,31,Oran
DZ,32,El Bayadh
DZ,33,Illizi
DZ,34,Bordj Bou Arréridj
DZ,35,Boumerdès
DZ,36,El Tarf
DZ,37,Tindouf
DZ,38,Tissemsilt
DZ,39,El Oued
DZ,40,Khenchela
DZ,41,Souk Ahras
DZ,42,Tipaza
DZ,43,Mila
DZ,44,Aïn Defla
DZ,45,Naama
DZ,46,Aïn Témouchent
DZ,47,Ghardaïa
DZ,48,Relizane
EC,A,Azuay
EC,B,Bolívar
EC,C,Carchi
EC,D,Orellana
EC,E,Esmeraldas
EC,F,Cañar
EC,G,Guayas
EC,H,Chimborazo
EC,I,Imbabura
EC,L,Loja
EC,M,Manabí
EC,N,Napo
EC,O,El Oro
EC,P,Pichincha
EC,R,Los Ríos
EC,S,Morona-Santiago
EC,SD,Santo Domingo de los Tsáchilas
EC,SE,Santa Elena
EC,T,Tungurahua
EC,U,Sucumbíos
EC,W,Galápagos
EC,X,Cotopaxi
EC,Y,Pastaza
EC,Z,Zamora Chinchipe
EE,37,Harjumaa
EE,39,Hiiumaa
EE,44,Ida-Virumaa
EE,49,Jõgevamaa
EE,51,Järvamaa
EE,57,Läänemaa
EE,59,Lääne-Virumaa
EE,65,Põlvamaa
EE,67,Pärnumaa
EE,70,Raplamaa
EE,74,Saaremaa
EE,78,Tartumaa
EE,82,Valgamaa
EE,84,Viljandimaa
EE,86,Võrumaa
EG,ALX,AI Iskandarīyah
EG,ASN,Aswān
EG,AST,Asyūţ
EG,BA,Al Baḩr al Aḩmar
EG,BH,Al Buḩayrah
EG,BNS,Banī Suwayf
EG,C,AI Qāhirah
EG,DK,Ad Daqahlīyah
EG,DT,Dumyāţ
EG,FYM,AI Fayyūm
EG,GH,AI Gharbīyah
EG,GZ,AI Jīzah
EG,IS,AI Ismā 'īlīyah
EG,JS,Janūb Sīnā'
EG,KB,AI Qalyūbīyah
EG,KFS,Kafr ash Shaykh
EG,KN,Qinā
EG,LX,Al Uqşur
EG,MN,AI Minyā
EG,MNF,AI Minūfīyah
EG,MT,Maţrūh
EG,PTS,Būr Sa'īd
EG,SHG,Sūhāj
EG,SHR,Ash Sharqīyah
EG,SIN,Shamāl Sīnā'
EG,SUZ,As Suways
EG,WAD,AI Wādī al Jadīd
ER,AN,‘Anseba
ER,DK,Debubawi K’eyyĭḥ Baḥri
ER,DU,Debub
ER,GB,Gash-Barka
ER,MA,Ma’ĭkel
ER,SK,Semienawi K’eyyĭḥ Baḥri
ES,A,Alicante / Alacant
ES,AB,Albacete
ES,AL,Almería
ES,AV,Ávila
ES,B,Barcelona [Barcelona]
ES,BA,Badajoz
ES,BI,Biskaia
ES,BU,Burgos
ES,C,A Coruña [La Coruña]
ES,CA,Cádiz
ES,CC,Cáceres
ES,CE,Ceuta
ES,CO,Córdoba
ES,CR,Ciudad Real
ES,CS,Castellón / Castelló
ES,CU,Cuenca
ES,GC,Las Palmas
ES,GI,Girona [Gerona]
ES,GR,Granada
ES,GU,Guadalajara
ES,H,Huelva
ES,HU,Huesca
ES,J,Jaén
ES,L,Lleida [Lérida]
ES,LE,León
ES,LO,La Rioja
ES,LU,Lugo [Lugo]
ES,M,Madrid
ES,MA,Málaga
ES,ML,Melilla
ES,MU,Murcia
ES,NA,Navarra / Nafarroa
ES,O,Asturias
ES,OR,Ourense [Orense]
ES,P,Palencia
ES,PM,Balears [Baleares]
ES,PO,Pontevedra [Pontevedra]
ES,S,Cantabria
ES,SA,Salamanca
ES,SE,Sevilla
ES,SG,Segovia
ES,SO,Soria
ES,SS,Gipuzkoa
ES,T,Tarragona [Tarragona]
ES,TE,Teruel
ES,TF,Santa Cruz de Tenerife
ES,TO,Toledo
ES,V,Valencia / València
ES,VA,Valladolid
ES,VI,Álava / Araba
ES,Z,Zaragoza
ES,ZA,Zamora
ET,AA,Ādīs Ābeba
ET,AF,Āfar
ET,AM,Āmara
ET,BE,Bīnshangul Gumuz
ET,DD,Dirē Dawa
ET,GA,Gambēla Hizboch
ET,HA,Hārerī Hizb
ET,OR,Oromīya
ET,SN,YeDebub Bihēroch Bihēreseboch na Hizboch
ET,SO,Sumalē
ET,TI,Tigray
FI,01,Ahvenanmaan maakunta
FI,02,Etelä-Karjala
FI,03,Etelä-Pohjanmaa
FI,04,Etelä-Savo
FI,05,Kainuu
FI,06,Kanta-Häme
FI,07,Keski-Pohjanmaa
FI,08,Keski-Suomi
FI,09,Kymenlaakso
FI,10,Lappi
FI,11,Pirkanmaa
FI,12,Pohjanmaa
FI,13,Pohjois-Karjala
FI,14,Pohjois-Pohjanmaa
FI,15,Pohjois-Savo
FI,16,Päijät-Häme
FI,17,Satakunta
FI,18,Uusimaa
FI,19,Varsinais-Suomi
FJ,01,Ba
FJ,02,Bua
FJ,03,Cakaudrove
FJ,04,Kadavu
FJ,05,Lau
FJ,06,Lomaiviti
FJ,07,Macuata
FJ,08,Nadroga and Navosa
FJ,09,Naitasiri
FJ,10,Namosi
FJ,11,Ra
FJ,12,Rewa
FJ,13,Serua
FJ,14,Tailevu
FJ,R,Rotuma
FM,KSA,Kosrae
FM,PNI,Pohnpei
FM,TRK,Chuuk
FM,YAP,Yap
FR,01,Ain
FR,02,Aisne
FR,03,Allier
FR,04,Alpes-de-Haute-Provence
FR,05,Hautes-Alpes
FR,06,Alpes-Maritimes
FR,07,Ardèche
FR,08,Ardennes
FR,09,Ariège
FR,10,Aube
FR,11,Aude
FR,12,Aveyron
FR,13,Bouches-du-Rhône
FR,14,Calvados
FR,15,Cantal
FR,16,Charente
FR,17,Charente-Maritime
FR,18,Cher
FR,19,Corrèze
FR,21,Côte-d'Or
FR,22,Côtes-d'Armor
FR,23,Creuse
FR,24,Dordogne
FR,25,Doubs
FR,26,Drôme
FR,27,Eure
FR,28,Eure-et-Loir
FR,29,Finistère
FR,2A,Corse-du-Sud
FR,2B,Haute-Corse
FR,30,Gard
FR,31,Haute-Garonne
FR,32,Gers
FR,33,Gironde
FR,34,Hérault
FR,35,Ille-et-Vilaine
FR,36,Indre
FR,37,Indre-et-Loire
FR,38,Isère
FR,39,Jura
FR,40,Landes
FR,41,Loir-et-Cher
FR,42,Loire
FR,43,Haute-Loire
FR,44,Loire-Atlantique
FR,45,Loiret
FR,46,Lot
FR,47,Lot-et-Garonne
FR,48,Lozère
FR,49,Maine-et-Loire
FR,50,Manche
FR,51,Marne
FR,52,Haute-Marne
FR,53,Mayenne
FR,54,Meurthe-et-Moselle
FR,55,Meuse
FR,56,Morbihan
FR,57,Moselle
FR,58,Nièvre
FR,59,Nord
FR,60,Oise
FR,61,Orne
FR,62,Pas-de-Calais
FR,63,Puy-de-Dôme
FR,64,Pyrénées-Atlantiques
FR,65,Hautes-Pyrénées
FR,66,Pyrénées-Orientales
FR,67,Bas-Rhin
FR,68,Haut-Rhin
FR,69,Rhône
FR,70,Haute-Saône
FR,71,Saône-et-Loire
FR,72,Sarthe
FR,73,Savoie
FR,74,Haute-Savoie
FR,75,Paris
FR,76,Seine-Maritime
FR,77,Seine-et-Marne
FR,78,Yvelines
FR,79,Deux-Sèvres
FR,80,Somme
FR,81,Tarn
FR,82,Tarn-et-Garonne
FR,83,Var
FR,84,Vaucluse
FR,85,Vendée
FR,86,Vienne
FR,87,Haute-Vienne
FR,88,Vosges
FR,89,Yonne
FR,90,Territoire de Belfort
FR,91,Essonne
FR,92,Hauts-de-Seine
FR,93,Seine-Saint-Denis
FR,94,Val-de-Marne
FR,95,Val-d'Oise
GA,1,Estuaire
GA,2,Haut-Ogooué
GA,3,Moyen-Ogooué
GA,4,Ngounié
GA,5,Nyanga
GA,6,Ogooué-Ivindo
GA,7,Ogooué-Lolo
GA,8,Ogooué-Maritime
GA,9,Woleu-Ntem
GB,ABC,"Armagh, Banbridge and Craigavon"
GB,ABD,Aberdeenshire
GB,ABE,Aberdeen City
GB,AGB,Argyll and Bute
GB,AGY,Isle of Anglesey [Sir Ynys Môn GB-YNM]
GB,AND,Ards and North Down
GB,ANN,Antrim and Newtownabbey
GB,ANS,Angus
GB,ARM,Armagh
GB,BAS,Bath and North East Somerset
GB,BBD,Blackburn with Darwen
GB,BDF,Bedford
GB,BDG,Barking and Dagenham
GB,BEN,Brent
GB,BEX,Bexley
GB,BFS,Belfast
GB,BGE,Bridgend [Pen-y-bont ar Ogwr GB-POG]
GB,BGW,Blaenau Gwent
GB,BIR,Birmingham
GB,BKM,Buckinghamshire
GB,BMH,Bournemouth
GB,BNE,Barnet
GB,BNH,Brighton and Hove
GB,BNS,Barnsley
GB,BOL,Bolton
GB,BPL,Blackpool
GB,BRC,Bracknell Forest
GB,BRD,Bradford
GB,BRY,Bromley
GB,BST,"Bristol, City of"
GB,BUR,Bury
GB,CAM,Cambridgeshire
GB,CAY,Caerphilly [Caerffili GB-CAF]
GB,CBF,Central Bedfordshire
GB,CCG,Causeway Coast and Glens
GB,CGN,Ceredigion [Sir Ceredigion]
GB,CHE,Cheshire East
GB,CHW,Cheshire West and Chester
GB,CLD,Calderdale
GB,CLK,Clackmannanshire
GB,CMA,Cumbria
GB,CMD,Camden
GB,CMN,Carmarthenshire [Sir Gaerfyrddin GB-GFY]
GB,CON,Cornwall
GB,COV,Coventry
GB,CRF,Cardiff [Caerdydd GB-CRD]
GB,CRY,Croydon
GB,CWY,Conwy
GB,DAL,Darlington
GB,DBY,Derbyshire
GB,DEN,Denbighshire [Sir Ddinbych GB-DDB]
GB,DER,Derby
GB,DEV,Devon
GB,DGY,Dumfries and Galloway
GB,DNC,Doncaster
GB,DND,Dundee City
GB,DOR,Dorset
GB,DRS, Derry and Strabane
GB,DUD,Dudley
GB,DUR,Durham
GB,EAL,Ealing
GB,EAY,East Ayrshire
GB,EDH,"Edinburgh, City of"
GB,EDU,East Dunbartonshire
GB,ELN,East Lothian
GB,ELS,Eilean Siar
GB,ENF,Enfield
GB,ERW,East Renfrewshire
GB,ERY,East Riding of Yorkshire
GB,ESS,Essex
GB,ESX,East Sussex
GB,FAL,Falkirk
GB,FIF,Fife
GB,FLN,Flintshire [Sir y Fflint GB-FFL]
GB,FMO, Fermanagh and Omagh
GB,GAT,Gateshead
GB,GLG,Glasgow City
GB,GLS,Gloucestershire
GB,GRE,Greenwich
GB,GWN,Gwynedd
GB,HAL,Halton
GB,HAM,Hampshire
GB,HAV,Havering
GB,HCK,Hackney
GB,HEF,Herefordshire
GB,HIL,Hillingdon
GB,HLD,Highland
GB,HMF,Hammersmith and Fulham
GB,HNS,Hounslow
GB,HPL,Hartlepool
GB,HRT,Hertfordshire
GB,HRW,Harrow
GB,HRY,Haringey
GB,IOS,Isles of Scilly
GB,IOW,Isle of Wight
GB,ISL,Islington
GB,IVC,Inverclyde
GB,KEC,Kensington and Chelsea
GB,KEN,Kent
GB,KHL,Kingston upon Hull
GB,KIR,Kirklees
GB,KTT,Kingston upon Thames
GB,KWL,Knowsley
GB,LAN,Lancashire
GB,LBC,Lisburn and Castlereagh
GB,LBH,Lambeth
GB,LCE,Leicester
GB,LDS,Leeds
GB,LEC,Leicestershire
GB,LEW,Lewisham
GB,LIN,Lincolnshire
GB,LIV,Liverpool
GB,LND,"London, City of"
GB,LUT,Luton
GB,MAN,Manchester
GB,MDB,Middlesbrough
GB,MDW,Medway
GB,MEA,Mid and East Antrim
GB,MIK,Milton Keynes
GB,MLN,Midlothian
GB,MON,Monmouthshire [Sir Fynwy GB-FYN]
GB,MRT,Merton
GB,MRY,Moray
GB,MTY,Merthyr Tydfil [Merthyr Tudful GB-MTU]
GB,MUL,Mid Ulster
GB,NAY,North Ayrshire
GB,NBL,Northumberland
GB,NEL,North East Lincolnshire
GB,NET,Newcastle upon Tyne
GB,NFK,Norfolk
GB,NGM,Nottingham
GB,NLK,North Lanarkshire
GB,NLN,North Lincolnshire
GB,NMD,"Newry, Mourne and Down"
GB,NSM,North Somerset
GB,NTH,Northamptonshire
GB,NTL,Neath Port Talbot [Castell-nedd Port Talbot GB-CTL]
GB,NTT,Nottinghamshire
GB,NTY,North Tyneside
GB,NWM,Newham
GB,NWP,Newport [Casnewydd GB-CNW]
GB,NYK,North Yorkshire
GB,OLD,Oldham
GB,ORK,Orkney Islands
GB,OXF,Oxfordshire
GB,PEM,Pembrokeshire [Sir Benfro GB-BNF]
GB,PKN,Perth and Kinross
GB,PLY,Plymouth
GB,POL,Poole
GB,POR,Portsmouth
GB,POW,Powys
GB,PTE,Peterborough
GB,RCC,Redcar and Cleveland
GB,RCH,Rochdale
GB,RCT,"Rhondda, Cynon, Taff [Rhondda, Cynon,Taf]"
GB,RDB,Redbridge
GB,RDG,Reading
GB,RFW,Renfrewshire
GB,RIC,Richmond upon Thames
GB,ROT,Rotherham
GB,RUT,Rutland
GB,SAW,Sandwell
GB,SAY,South Ayrshire
GB,SCB,"Scottish Borders, The"
GB,SFK,Suffolk
GB,SFT,Sefton
GB,SGC,South Gloucestershire
GB,SHF,Sheffield
GB,SHN,St. Helens
GB,SHR,Shropshire
GB,SKP,Stockport
GB,SLF,Salford
GB,SLG,Slough
GB,SLK,South Lanarkshire
GB,SND,Sunderland
GB,SOL,Solihull
GB,SOM,Somerset
GB,SOS,Southend-on-Sea
GB,SRY,Surrey
GB,STE,Stoke-on-Trent
GB,STG,Stirling
GB,STH,Southampton
GB,STN,Sutton
GB,STS,Staffordshire
GB,STT,Stockton-on-Tees
GB,STY,South Tyneside
GB,SWA,Swansea [Abertawe GB-ATA]
GB,SWD,Swindon
GB,SWK,Southwark
GB,TAM,Tameside
GB,TFW,Telford and Wrekin
GB,THR,Thurrock
GB,TOB,Torbay
GB,TOF,Torfaen [Tor-faen]
GB,TRF,Trafford
GB,TWH,Tower Hamlets
GB,VGL,"Vale of Glamorgan, The [Bro Morgannwg GB-BMG]"
GB,WAR,Warwickshire
GB,WBK,West Berkshire
GB,WDU,West Dunbartonshire
GB,WFT,Waltham Forest
GB,WGN,Wigan
GB,WIL,Wiltshire
GB,WKF,Wakefield
GB,WLL,Walsall
GB,WLN,West Lothian
GB,WLV,Wolverhampton
GB,WND,Wandsworth
GB,WNM,Windsor and Maidenhead
GB,WOK,Wokingham
GB,WOR,Worcestershire
GB,WRL,Wirral
GB,WRT,Warrington
GB,WRX,Wrexham [Wrecsam GB-WRC]
GB,WSM,Westminster
GB,WSX,West Sussex
GB,YOR,York
GB,ZET,Shetland Islands
GD,01,Saint Andrew
GD,02,Saint David
GD,03,Saint George
GD,04,Saint John
GD,05,Saint Mark
GD,06,Saint Patrick
GD,10,Southern Grenadine Islands
GE,AB,Abkhazia
GE,AJ,Ajaria
GE,GU,Guria
GE,IM,Imeret'i
GE,KA,Kakhet'i
GE,KK,K'vemo K'art'li
GE,MM,Mts'khet'a-Mt'ianet'i
GE,RL,Racha-Lech’khumi-K’vemo Svanet’i
GE,SJ,Samts'khe-Javakhet'i
GE,SK,Shida K'art'li
GE,SZ,Samegrelo-Zemo Svanet'i
GE,TB,T'bilisi
GH,AA,Greater Accra
GH,AF,Ahafo
GH,AH,Ashanti
GH,BE,Bono East
GH,BO,Bono
GH,CP,Central
GH,EP,Eastern
GH,NE,North East
GH,NP,Northern
GH,OT,Oti
GH,SV,Savannah
GH,TV,Volta
GH,UE,Upper East
GH,UW,Upper West
GH,WN,Western North
GH,WP,Western
GL,AV,Avannaata Kommunia
GL,KU,Kommune Kujalleq
GL,QE,Qeqqata Kommunia
GL,QT,Kommune Qeqertalik
GL,SM,Kommuneqarfik Sermersooq
GM,B,Banjul
GM,L,Lower River
GM,M,Central River
GM,N,North Bank
GM,U,Upper River
GM,W,Western
GN,BE,Beyla
GN,BF,Boffa
GN,BK,Boké
GN,CO,Coyah
GN,DB,Dabola
GN,DI,Dinguiraye
GN,DL,Dalaba
GN,DU,Dubréka
GN,FA,Faranah
GN,FO,Forécariah
GN,FR,Fria
GN,GA,Gaoual
GN,GU,Guékédou
GN,KA,Kankan
GN,KB,Koubia
GN,KD,Kindia
GN,KE,Kérouané
GN,KN,Koundara
GN,KO,Kouroussa
GN,KS,Kissidougou
GN,LA,Labé
GN,LE,Lélouma
GN,LO,Lola
GN,MC,Macenta
GN,MD,Mandiana
GN,ML,Mali
GN,MM,Mamou
GN,NZ,Nzérékoré
GN,PI,Pita
GN,SI,Siguiri
GN,TE,Télimélé
GN,TO,Tougué
GN,YO,Yomou
GQ,AN,Annobón
GQ,BN,Bioko Norte
GQ,BS,Bioko Sur
GQ,CS,Centro Sur
GQ,KN,Kié‐Ntem
GQ,LI,Litoral
GQ,WN,Wele‐Nzas
GR,A,Anatolikí Makedonía kai Thráki
GR,B,Kentrikí Makedonía
GR,C,Dytiki Makedonia
GR,D,Ípeiros
GR,E, Thessalía
GR,F,Ionía Nísia
GR,G,Dytikí Elláda
GR,H,Stereá Elláda
GR,I,Attikí
GR,J,Pelopónnisos
GR,K,Vóreio Aigaío
GR,L,Nótio Aigaío
GR,M,Kríti
GT,AV,Alta Verapaz
GT,BV,Baja Verapaz
GT,CM,Chimaltenango
GT,CQ,Chiquimula
GT,ES,Escuintla
GT,GU,Guatemala
GT,HU,Huehuetenango
GT,IZ,Izabal
GT,JA,Jalapa
GT,JU,Jutiapa
GT,PE,Petén
GT,PR,El Progreso
GT,QC,Quiché
GT,QZ,Quetzaltenango
GT,RE,Retalhuleu
GT,SA,Sacatepéquez
GT,SM,San Marcos
GT,SO,Sololá
GT,SR,Santa Rosa
GT,SU,Suchitepéquez
GT,TO,Totonicapán
GT,ZA,Zacapa
GW,BA,Bafatá
GW,BL,Bolama
GW,BM,Biombo
GW,BS,Bissau
GW,CA,Cacheu
GW,GA,Gabú
GW,OI,Oio
GW,QU,Quinara
GW,TO,Tombali
GY,BA,Barima-Waini
GY,CU,Cuyuni-Mazaruni
GY,DE,Demerara-Mahaica
GY,EB,East Berbice-Corentyne
GY,ES,Essequibo Islands-West Demerara
GY,MA,Mahaica-Berbice
GY,PM,Pomeroon-Supenaam
GY,PT,Potaro-Siparuni
GY,UD,Upper Demerara-Berbice
GY,UT,Upper Takutu-Upper Essequibo
HN,AT,Atlántida
HN,CH,Choluteca
HN,CL,Colón
HN,CM,Comayagua
HN,CP,Copán
HN,CR,Cortés
HN,EP,El Paraíso
HN,FM,Francisco Morazán
HN,GD,Gracias a Dios
HN,IB,Islas de la Bahía
HN,IN,Intibucá
HN,LE,Lempira
HN,LP,La Paz
HN,OC,Ocotepeque
HN,OL,Olancho
HN,SB,Santa Bárbara
HN,VA,Valle
HN,YO,Yoro
HR,01,Zagrebačka županija
HR,02,Krapinsko-zagorska županija
HR,03,Sisačko-moslavačka županija
HR,04,Karlovačka županija
HR,05,Varaždinska županija
HR,06,Koprivničko-križevačka županija
HR,07,Bjelovarsko-bilogorska županija
HR,08,Primorsko-goranska županija
HR,09,Ličko-senjska županija
HR,10,Virovitičko-podravska županija
HR,11,Požeško-slavonska županija
HR,12,Brodsko-posavska županija
HR,13,Zadarska županija
HR,14,Osječko-baranjska županija
HR,15,Šibensko-kninska županija
HR,16,Vukovarsko-srijemska županija
HR,17,Splitsko-dalmatinska županija
HR,18,Istarska županija
HR,19,Dubrovačko-neretvanska županija
HR,20,Međimurska županija
HR,21,Grad Zagreb
HT,AR,Artibonite
HT,CE,Centre
HT,GA,Grande’Anse
HT,ND,Nord
HT,NE,Nord-Est
HT,NI,Nippes
HT,NO,Nord-Ouest
HT,OU,Ouest
HT,SD,Sud
HT,SE,Sud-Est
HU,BA,Baranya
HU,BC,Békéscsaba
HU,BE,Békés
HU,BK,Bács-Kiskun
HU,BU,Budapest
HU,BZ,Borsod-Abaúj-Zemplén
HU,CS,Csongrád
HU,DE,Debrecen
HU,DU,Dunaújváros
HU,EG,Eger
HU,ER,Érd
HU,FE,Fejér
HU,GS,Győr‐Moson‐Sopron
HU,GY,Győr
HU,HB,Hajdú-Bihar
HU,HE,Heves
HU,HV,Hódmezővásárhely
HU,JN,Jász-Nagykun-Szolnok
HU,KE,Komárom-Esztergom
HU,KM,Kecskemét
HU,KV,Kaposvár
HU,MI,Miskolc
HU,NK,Nagykanizsa
HU,NO,Nógrád
HU,NY,Nyíregyháza
HU,PE,Pest
HU,PS,Pécs
HU,SD,Szeged
HU,SF,Székesfehérvár
HU,SH,Szombathely
HU,SK,Szolnok
HU,SN,Sopron
HU,SO,Somogy
HU,SS,Szekszárd
HU,ST,Salgótarján
HU,SZ,Szabolcs-Szatmár-Bereg
HU,TB,Tatabánya
HU,TO,Tolna
HU,VA,Vas
HU,VE,Veszprém
HU,VM,Veszprém
HU,ZA,Zala
HU,ZE,Zalaegerszeg
ID,AC,Aceh
ID,BA,Bali
ID,BB,Kepulauan Bangka Belitung
ID,BE,Bengkulu
ID,BT,Banten
ID,GO,Gorontalo
ID,JA,Jambi
ID,JB,Jawa Barat
ID,JI,Jawa Timur
ID,JK,Jakarta Raya
ID,JT,Jawa Tengah
ID,KB,Kalimantan Barat
ID,KI,Kalimantan Timur
ID,KR,Kepulauan Riau
ID,KS,Kalimantan Selatan
ID,KT,Kalimantan Tengah
ID,KU,Kalimantan Utara
ID,LA,Lampung
ID,MA,Maluku
ID,MU,Maluku Utara
ID,NB,Nusa Tenggara Barat
ID,NT,Nusa Tenggara Timur
ID,PA,Papua
ID,PB,Papua Barat
ID,RI,Riau
ID,SA,Sulawesi Utara
ID,SB,Sumatera Barat
ID,SG,Sulawesi Tenggara
ID,SN,Sulawesi Selatan
ID,SR,Sulawesi Barat
ID,SS,Sumatera Selatan
ID,ST,Sulawesi Tengah
ID,SU,Sumatera Utara
ID,YO,Yogyakarta
IE,CE,Clare
IE,CN,Cavan
IE,CO,Cork
IE,CW,Carlow
IE,D,Dublin
IE,DL,Donegal
IE,G,Galway
IE,KE,Kildare
IE,KK,Kilkenny
IE,KY,Kerry
IE,LD,Longford
IE,LH,Louth
IE,LK,Limerick
IE,LM,Leitrim
IE,LS,Laois
IE,MH,Meath
IE,MN,Monaghan
IE,MO,Mayo
IE,OY,Offaly
IE,RN,Roscommon
IE,SO,Sligo
IE,TA,Tipperary
IE,WD,Waterford
IE,WH,Westmeath
IE,WW,Wicklow
IE,WX,Wexford
IL,D,Al Janūbī
IL,HA,H̱efa
IL,JM,Yerushalayim
IL,M,Al Awsaţ
IL,TA,Tel-Aviv
IL,Z,Ash Shamālī
IN,AN,Andaman and Nicobar Islands
IN,AP,Andhra Pradesh
IN,AR,Arunachal Pradesh
IN,AS,Assam
IN,BR,Bihar
IN,CH,Chandigarh
IN,CT,Chhattisgarh
IN,DD,Daman and Diu
IN,DL,Delhi
IN,DN,Dadra and Nagar Haveli
IN,GA,Goa
IN,GJ,Gujarat
IN,HP,Himachal Pradesh
IN,HR,Haryana
IN,JH,Jharkhand
IN,JK,Jammu and Kashmir
IN,KA,Karnataka
IN,KL,Kerala
IN,LA,Ladakh
IN,LD,Lakshadweep
IN,MH,Maharashtra
IN,ML,Meghalaya
IN,MN,Manipur
IN,MP,Madhya Pradesh
IN,MZ,Mizoram
IN,NL,Nagaland
IN,OR,Odisha
IN,PB,Punjab
IN,PY,Puducherry
IN,RJ,Rajasthan
IN,SK,Sikkim
IN,TG,Telangana
IN,TN,Tamil Nadu
IN,TR,Tripura
IN,UP,Uttar Pradesh
IN,UT,Uttarakhand
IN,WB,West Bengal
IQ,AN,AI Anbār
IQ,AR,Arbīl
IQ,BA,Al Başrah
IQ,BB,Bābil
IQ,BG,Baghdād
IQ,DA,Dahūk
IQ,DI,Diyālá
IQ,DQ,Dhī Qār
IQ,KA,Karbalā'
IQ,KI,Kirkūk
IQ,MA,Maysān
IQ,MU,AI Muthanná
IQ,NA,An Najaf
IQ,NI,Nīnawá
IQ,QA,Al Qādisīyah
IQ,SD,Şalāh ad Dīn
IQ,SU,As Sulaymānīyah
IQ,WA,Wāsiţ
IR,01,ĀZarbāyjān-e Sharqī
IR,02,ĀZarbāyjān-e Gharbī
IR,03,Ardabīl
IR,04,Eşfahān
IR,05,Īlām
IR,06,Būshehr
IR,07,Tehrān
IR,08,Chahār Maḩāl va Bakhtīārī
IR,10,Khūzestān
IR,11,Zanjān
IR,12,Semnān
IR,13,Sīstān va Balūchestān
IR,14,Fārs
IR,15,Kermān
IR,16,Kordestān
IR,17,Kermānshāh
IR,18,Kohgīlūyeh va Bowyer Aḩmad
IR,19,Gīlān
IR,20,Lorestān
IR,21,Māzandarān
IR,22,Markazī
IR,23,Hormozgān
IR,24,Hamadān
IR,25,Yazd
IR,26,Qom
IR,27,Golestān
IR,28,Qazvīn
IR,29,Khorāsān-e Jonūbī
IR,30, Khorāsān-e Raẕavī
IR,31,Khorāsān-e Shomālī
IR,32,Alborz
IS,1,Höfuðborgarsvæði
IS,2,Suðurnes
IS,3,Vesturland
IS,4,Vestfirðir
IS,5,Norðurland vestra
IS,6,Norðurland eystra
IS,7,Austurland
IS,8,Suðurland
IT,AG,Agrigento
IT,AL,Alessandria
IT,AN,Ancona
IT,AP,Ascoli Piceno
IT,AQ,L'Aquila
IT,AR,Arezzo
IT,AT,Asti
IT,AV,Avellino
IT,BA,Bari
IT,BG,Bergamo
IT,BI,Biella
IT,BL,Belluno
IT,BN,Benevento
IT,BO,Bologna
IT,BR,Brindisi
IT,BS,Brescia
IT,BT,Barletta-Andria-Trani
IT,BZ,Bolzano / Bozen (de)
IT,CA,Cagliari
IT,CB,Campobasso
IT,CE,Caserta
IT,CH,Chieti
IT,CL,Caltanissetta
IT,CN,Cuneo
IT,CO,Como
IT,CR,Cremona
IT,CS,Cosenza
IT,CT,Catania
IT,CZ,Catanzaro
IT,EN,Enna
IT,FC,Forlì-Cesena
IT,FE,Ferrara
IT,FG,Foggia
IT,FI,Firenze
IT,FM,Fermo
IT,FR,Frosinone
IT,GE,Genova
IT,GR,Grosseto
IT,IM,Imperia
IT,IS,Isernia
IT,KR,Crotone
IT,LC,Lecco
IT,LE,Lecce
IT,LI,Livorno
IT,LO,Lodi
IT,LT,Latina
IT,LU,Lucca
IT,MB,Monza e Brianza
IT,MC,Macerata
IT,ME,Messina
IT,MI,Milano
IT,MN,Mantova
IT,MO,Modena
IT,MS,Massa-Carrara
IT,MT,Matera
IT,NA,Napoli
IT,NO,Novara
IT,NU,Nuoro
IT,OR,Oristano
IT,PA,Palermo
IT,PC,Piacenza
IT,PD,Padova
IT,PE,Pescara
IT,PG,Perugia
IT,PI,Pisa
IT,PO,Prato
IT,PR,Parma
IT,PT,Pistoia
IT,PU,Pesaro e Urbino
IT,PV,Pavia
IT,PZ,Potenza
IT,RA,Ravenna
IT,RC,Reggio Calabria
IT,RE,Reggio Emilia
IT,RG,Ragusa
IT,RI,Rieti
IT,RM,Roma
IT,RN,Rimini
IT,RO,Rovigo
IT,SA,Salerno
IT,SD,Sud Sardegna
IT,SI,Siena
IT,SO,Sondrio
IT,SP,La Spezia
IT,SR,Siracusa
IT,SS,Sassari
IT,SV,Savona
IT,TA,Taranto
IT,TE,Teramo
IT,TN,Trento
IT,TO,Torino
IT,TP,Trapani
IT,TR,Terni
IT,TV,Treviso
IT,VA,Varese
IT,VB,Verbano-Cusio-Ossola
IT,VC,Vercelli
IT,VE,Venezia
IT,VI,Vicenza
IT,VR,Verona
IT,VT,Viterbo
IT,VV,Vibo Valentia
JM,01,Kingston
JM,02,Saint Andrew
JM,03,Saint Thomas
JM,04,Portland
JM,05,Saint Mary
JM,06,Saint Ann
JM,07,Trelawny
JM,08,Saint James
JM,09,Hanover
JM,10,Westmoreland
JM,11,Saint Elizabeth
JM,12,Manchester
JM,13,Clarendon
JM,14,Saint Catherine
JO,AJ, ‘Ajlūn
JO,AM,Al ‘A̅şimah
JO,AQ, Al ‘Aqabah
JO,AT,Aţ Ţafīlah
JO,AZ,Az Zarqā’
JO,BA,Al Balqā’
JO,IR,Irbid
JO,JA,Jarash
JO,KA,AI Karak
JO,MA,AI Mafraq
JO,MD,Mādaba
JO,MN,Ma‘ān
JP,01,Hokkaidô [Hokkaido]
JP,02,Aomori
JP,03,Iwate
JP,04,Miyagi
JP,05,Akita
JP,06,Yamagata
JP,07,Hukusima [Fukushima]
JP,08,Ibaraki
JP,09,Totigi [Tochigi]
JP,10,Gunma
JP,11,Saitama
JP,12,Tiba [Chiba]
JP,13,Tôkyô [Tokyo]
JP,14,Kanagawa
JP,15,Niigata
JP,16,Toyama
JP,17,Isikawa [Ishikawa]
JP,18,Hukui [Fukui]
JP,19,Yamanasi [Yamanashi]
JP,20,Nagano
JP,21,Gihu [Gifu]
JP,22,Sizuoka [Shizuoka]
JP,23,Aiti [Aichi]
JP,24,Mie
JP,25,Siga [Shiga]
JP,26,Hyôgo [Kyoto]
JP,27,Ôsaka [Osaka]
JP,28,Hyôgo[Hyogo]
JP,29,Nara
JP,30,Wakayama
JP,31,Tottori
JP,32,Simane [Shimane]
JP,33,Okayama
JP,34,Hirosima [Hiroshima]
JP,35,Yamaguti [Yamaguchi]
JP,36,Tokusima [Tokushima]
JP,37,Kagawa
JP,38,Ehime
JP,39,Kôti [Kochi]
JP,40,Hukuoka [Fukuoka]
JP,41,Saga
JP,42,Nagasaki
JP,43,Kumamoto
JP,44,Ôita [Oita]
JP,45,Miyazaki
JP,46,Kagosima [Kagoshima]
JP,47,Okinawa
KE,01,Baringo
KE,02,Bomet
KE,03,Bungoma
KE,04,Busia
KE,05,Elgeyo/Marakwet
KE,06,Embu
KE,07,Garissa
KE,08,Homa Bay
KE,09,Isiolo
KE,10,Kajiado
KE,11,Kakamega
KE,12,Kericho
KE,13,Kiambu
KE,14,Kilifi
KE,15,Kirinyaga
KE,16,Kisii
KE,17,Kisumu
KE,18,Kitui
KE,19,Kwale
KE,20,Laikipia
KE,21,Lamu
KE,22,Machakos
KE,23,Makueni
KE,24,Mandera
KE,25,Marsabit
KE,26,Meru
KE,27,Migori
KE,28,Mombasa
KE,29,Murang'a
KE,30,Nairobi City
KE,31,Nakuru
KE,32,Nandi
KE,33,Narok
KE,34,Nyamira
KE,35,Nyandarua
KE,36,Nyeri
KE,37,Samburu
KE,38,Siaya
KE,39,Taita/Taveta
KE,40,Tana River
KE,41,Tharaka-Nithi
KE,42,Trans Nzoia
KE,43,Turkana
KE,44,Uasin Gishu
KE,45,Vihiga
KE,46,Wajir
KE,47,West Pokot
KG,B,Batken
KG,C,Chüy
KG,GB,Bishkek
KG,GO,Osh
KG,J,Jalal-Abad
KG,N,Naryn
KG,O,Osh
KG,T,Talas
KG,Y,Ysyk-Köl
KH,1,Banteay Mean Chey [Bântéay Méanchey]
KH,10,Kracheh [Krâchéh]
KH,11,Mondol Kiri [Môndól Kiri]
KH,12,Phnom Penh [Phnum Pénh]
KH,13,Preah Vihear [Preăh Vihéar]
KH,14,Prey Veaeng [Prey Vêng]
KH,15,Pousaat [Poŭthĭsăt]
KH,16,Rotanak Kiri [Rôtânôkiri]
KH,17,Siem Reab [Siĕmréab]
KH,18,Preah Sihanouk [Preăh Sihanouk]
KH,19,Stueng Traeng [Stoĕng Trêng]
KH,2,Baat Dambang [Bătdâmbâng]
KH,20,Svaay Rieng [Svay Riĕng]
KH,21,Taakaev [Takêv]
KH,22,Otdar Mean Chey [Ŏtdâr Méanchey]
KH,23,Keb [Kêb]
KH,24,Pailin [Pailĭn]
KH,25,Tbong Khmum
KH,3,Kampong Chaam [Kâmpóng Cham]
KH,4,Kampong Chhnang [Kâmpóng Chhnăng]
KH,5,Kampong Spueu [Kâmpóng Spœ]
KH,6,Kampong Thum [Kâmpóng Thum]
KH,7,Kampot [Kâmpôt]
KH,8,Kandaal [Kândal]
KH,9,Kaoh Kong [Kaôh Kŏng]
KI,G,Gilbert Islands
KI,L,Line Islands
KI,P,Phoenix Islands
KM,A,Anjouan
KM,G,Grande Comore
KM,M,Mohéli
KN,01,Christ Church Nichola Town
KN,02,Saint Anne Sandy Point
KN,03,Saint George Basseterre
KN,04,Saint George Gingerland
KN,05,Saint James Windward
KN,06,Saint John Capisterre
KN,07,Saint John Figtree
KN,08,Saint Mary Cayon
KN,09,Saint Paul Capisterre
KN,10,Saint Paul Charlestown
KN,11,Saint Peter Basseterre
KN,12,Saint Thomas Lowland
KN,13,Saint Thomas Middle Island
KN,15,Trinity Palmetto Point
KP,01,Phyeongyang
KP,02,Phyeongannamto
KP,03,Phyeonganpukto
KP,04,Jakangto
KP,05,Hwanghainamto
KP,06,Hwanghaipukto
KP,07,Kangweonto
KP,08,Hamkyeongnamto
KP,09,Hamkyeongpukto
KP,10,Ryanggang-do
KP,13,Rasǒn
KP,14,Namp’o
KR,11,Seoul-teukbyeolsi [Seoul]
KR,26,Busan Gwang'yeogsi [Pusan‐Kwangyǒkshi]
KR,27,Daegu Gwang'yeogsi [Taegu‐Kwangyǒkshi]
KR,28,Incheon Gwang'yeogsi [Incheon]
KR,29,Gwangju Gwang'yeogsi [Kwangju‐Kwangyǒkshi]
KR,30,Daejeon Gwang'yeogsi [Taejǒn‐Kwangyǒkshi]
KR,31,Ulsan Gwang'yeogsi [Ulsan-Kwangyŏkshi]
KR,41,Gyeonggido [Kyŏnggi-do]
KR,42,Gang'weondo [Kang-won-do]
KR,43,Chungcheongbugdo [Ch'ungch'ŏngbuk-do]
KR,44,Chungcheongnamdo [Ch'ungch'ŏngnam-do]
KR,45,Jeonrabugdo [Chŏllabuk-do]
KR,46,Jeonranamdo [Chŏllanam-do]
KR,47,Gyeongsangbugdo [Kyŏngsangbuk-do]
KR,48,Gyeongsangnamdo [Kyŏngsangnam-do]
KR,49,Jeju-teukbyeoljachido [Jeju]
KR,50,Sejong
KW,AH,Al Aḩmadī
KW,FA,Al Farwānīyah
KW,HA,Ḩawallī
KW,JA,Al Jahrā’
KW,KU, Al ‘Āşimah
KW,MU,Mubārak al Kabīr
KZ,AKM,Aqmola oblysy
KZ,AKT,Aqtöbe oblysy
KZ,ALA,Almaty
KZ,ALM,Almaty oblysy
KZ,AST,Astana
KZ,ATY,Atyraū oblysy
KZ,BAY,Bayqonyr
KZ,KAR,Qaraghandy oblysy
KZ,KUS,Qostanay oblysy
KZ,KZY,Qyzylorda oblysy
KZ,MAN,Mangghystaū oblysy
KZ,PAV,Pavlodar oblysy
KZ,SEV,Soltüstik Qazaqstan oblysy
KZ,SHY,Šimkent
KZ,VOS,Shyghys Qazaqstan oblysy
KZ,YUZ,Türkistan oblysy
KZ,ZAP,Batys Qazaqstan oblysy
KZ,ZHA,Zhambyl oblysy
LA,AT,Attapu [Attapeu]
LA,BK,Bokèo
LA,BL,Bolikhamxai [Borikhamxay]
LA,CH,Champasak [Champasack]
LA,HO,Houaphan [Huaphanh]
LA,KH,Khammouan [Khammuane]
LA,LM,Louang Namtha [Luangnamtha]
LA,LP,Louangphabang [Luangprabang]
LA,OU,Oudômxai [Oudomxay]
LA,PH,Phôngsali [Phongsaly]
LA,SL,Salavan [Saravane]
LA,SV,Savannakhét [Savannakhet]
LA,VI,Vientiane
LA,VT,Vientiane
LA,XA,Xaignabouli [Xayabury]
LA,XE,Xékong [Sekong]
LA,XI,Xiangkhouang [Xiengkhuang]
LA,XS,Xaisômboun [Xaysomboon]
LB,AK,Aakkâr
LB,AS,Liban‐Nord
LB,BA,Beyrouth
LB,BH,Baalbek-Hermel
LB,BI,El Béqaa
LB,JA,Liban‐Sud
LB,JL,Mont‐Liban
LB,NA,Nabatîyé
LC,01,Anse la Raye
LC,02,Castries
LC,03,Choiseul
LC,05,Dennery
LC,06,Gros Islet
LC,07,Laborie
LC,08,Micoud
LC,10,Soufrière
LC,11,Vieux Fort
LC,12,Canaries
LI,01,Balzers
LI,02,Eschen
LI,03,Gamprin
LI,04,Mauren
LI,05,Planken
LI,06,Ruggell
LI,07,Schaan
LI,08,Schellenberg
LI,09,Triesen
LI,10,Triesenberg
LI,11,Vaduz
LK,1,Basnāhira paḷāta
LK,11,Colombo
LK,12,Gampaha
LK,13,Kalutara
LK,2,Madhyama paḷāta
LK,21,Kandy
LK,22,Matale
LK,23,Nuwara Eliya
LK,3,Dakuṇu paḷāta
LK,31,Galle
LK,32,Matara
LK,33,Hambantota
LK,4,Uturu paḷāta
LK,41,Jaffna
LK,42,Kilinochchi
LK,43,Mannar
LK,44,Vavuniya
LK,45,Mullaittivu
LK,5,Næ̆gĕnahira paḷāta
LK,51,Batticaloa
LK,52,Ampara
LK,53,Trincomalee
LK,6,Vayamba paḷāta
LK,61,Kurunegala
LK,62,Puttalam
LK,7,Uturumæ̆da paḷāta
LK,71,Anuradhapura
LK,72,Polonnaruwa
LK,8,Ūva paḷāta
LK,81,Badulla
LK,82,Monaragala
LK,9,Sabaragamuva paḷāta
LK,91,Ratnapura
LK,92,Kegalla
LR,BG,Bong
LR,BM,Bomi
LR,CM,Grand Cape Mount
LR,GB,Grand Bassa
LR,GG,Grand Gedeh
LR,GK,Grand Kru
LR,GP,Gbarpolu
LR,LO,Lofa
LR,MG,Margibi
LR,MO,Montserrado
LR,MY,Maryland
LR,NI,Nimba
LR,RG,River Gee
LR,RI, River Cess
LR,SI,Sinoe
LS,A,Maseru
LS,B,Butha-Buthe
LS,C,Leribe
LS,D,Berea
LS,E,Mafeteng
LS,F,Mohale's Hoek
LS,G,Quthing
LS,H,Qacha's Nek
LS,J,Mokhotlong
LS,K,Thaba-Tseka
LT,01,Akmenė
LT,02,Alytaus miestas
LT,03,Alytus
LT,04,Anykščiai
LT,05,Birštono
LT,06,Biržai
LT,07,Druskininkai
LT,08,Elektrénai
LT,09,Ignalina
LT,10,Jonava
LT,11,Joniškis
LT,12,Jurbarkas
LT,13,Kaišiadorys
LT,14,Kalvarijos
LT,15,Kauno miestas
LT,16,Kaunas
LT,17,Kazlų Rūdos
LT,18,Kėdainiai
LT,19,Kelmė
LT,20,Klaipėdos miestas
LT,21,Klaipėda
LT,22,Kretinga
LT,23,Kupiškis
LT,24,Lazdijai
LT,25,Marijampolė
LT,26,Mažeikiai
LT,27,Molėtai
LT,28,Neringa
LT,29,Pagégiai
LT,30,Pakruojis
LT,31,Palangos miestas
LT,32,Panevėžio miestas
LT,33,Panevėžys
LT,34,Pasvalys
LT,35,Plungė
LT,36,Prienai
LT,37,Radviliškis
LT,38,Raseiniai
LT,39,Rietavo
LT,40,Rokiškis
LT,41,Šakiai
LT,42,Šalčininkai
LT,43,Šiaulių miestas
LT,44,Šiauliai
LT,45,Šilalė
LT,46,Šilutė
LT,47,Širvintos
LT,48,Skuodas
LT,49,Švenčionys
LT,50,Tauragė
LT,51,Telšiai
LT,52,Trakai
LT,53,Ukmergė
LT,54,Utena
LT,55,Varėna
LT,56,Vilkaviškis
LT,57,Vilniaus miestas
LT,58,Vilnius
LT,59,Visaginas
LT,60,Zarasai
LT,AL,Alytaus Apskritis
LT,KL,Klaipėdos apskritis
LT,KU,Kauno Apskritis
LT,MR,Marijampolės apskritis
LT,PN,Panevėžio apskritis
LT,SA,Šiaulių Apskritis
LT,TA,Tauragės apskritis
LT,TE,Telšių Apskritis
LT,UT,Utenos Apskritis
LT,VL,Vilniaus Apskritis
LU,CA,Capellen
LU,CL,Clervaux
LU,DI,Diekirch
LU,EC,Echternach
LU,ES,Esch-sur-Alzette
LU,GR,Gréivemaacher
LU,LU,Luxembourg
LU,ME,Mersch
LU,RD,Redange
LU,RM,Remich
LU,VD,Vianden
LU,WI,Wiltz
LV,001,Aglonas novads (Aglona)
LV,002,Aizkraukles novads (Aizkraukle)
LV,003,Aizputes novads (Aizpute)
LV,004,Aknīstes novads (Aknīste)
LV,005,Alojas novads (Aloja)
LV,006,Alsungas novads (Alsunga)
LV,007,Alūksnes novads (Alūksne)
LV,008,Amatas novads (Amata)
LV,009,Apes novads (Ape)
LV,010,Auces novads (Auce)
LV,011,Ādažu novads (Ādaži)
LV,012,Babītes novads (Babīte)
LV,013,Baldones novads (Baldone)
LV,014,Baltinavas novads (Baltinava)
LV,015,Balvu novads (Balvi)
LV,016,Bauskas novads (Bauska)
LV,017,Beverīnas novads (Beverīna)
LV,018,Brocēnu novads (Brocēni)
LV,019,Burtnieku novads (Burtnieki)
LV,020,Carnikavas novads (Carnikava)
LV,021,Cesvaines novads (Cesvaine)
LV,022,Cēsu novads (Cēsis)
LV,023,Ciblas novads (Cibla)
LV,024,Dagdas novads (Dagda)
LV,025,Daugavpils novads (Daugavpils)
LV,026,Dobeles novads (Dobele)
LV,027,Dundagas novads (Dundaga)
LV,028,Durbes novads (Durbe)
LV,029,Engures novads (Engure)
LV,030,Ērgļu novads (Ērgļi)
LV,031,Garkalnes novads (Garkalne)
LV,032,Grobiņas novads (Grobiņa)
LV,033,Gulbenes novads (Gulbene)
LV,034,Iecavas novads (Iecava)
LV,035,Ikšķiles novads (Ikšķile)
LV,036,Ilūkstes novads (Ilūkste)
LV,037,Inčukalna novads (Inčukalns)
LV,038,"Jaunjelgavas novads (Jaunjelgava)"
LV,039,"Jaunpiebalgas novads (Jaunpiebalga)"
LV,040,Jaunpils novads (Jaunpils)
LV,041,Jelgavas novads (Jelgava)
LV,042,Jēkabpils novads (Jēkabpils)
LV,043,Kandavas novads (Kandava)
LV,044,Kārsavas novads (Kārsava)
LV,045,Kocēnu novads (Kocēni)
LV,046,Kokneses novads (Koknese)
LV,047,Kraslavas novads (Krāslava)
LV,048,Krimuldas novads (Krimulda)
LV,049,Krustpils novads (Krustpils)
LV,050,Kuldīgas novads (Kuldīga)
LV,051,Ķeguma novads (Ķegums)
LV,052,Ķekavas novads (Ķekava)
LV,053,Lielvārdes novads (Lielvārde)
LV,054,Limbažu novads (Limbaži)
LV,055,Līgatnes novads (Līgatne)
LV,056,Līvānu novads (Līvāni)
LV,057,Lubanas novads (Lubāna)
LV,058,Ludzas novads (Ludza)
LV,059,Madonas novads (Madona)
LV,060,Mazsalacas novads (Mazsalaca)
LV,061,Mālpils novads (Mālpils)
LV,062,Mārupes novads (Mārupe)
LV,063,Mērsraga novads (Mērsrags)
LV,064,Naukšēnu novads (Naukšēni)
LV,065,Neretas novads (Nereta)
LV,066,Nīcas novads (Nīca)
LV,067,Ogres novads (Ogre)
LV,068,Olaines novads (Olaine)
LV,069,Ozolnieku novads (Ozolnieki)
LV,070,Pārgaujas novads (Pārgauja)
LV,071,Pāvilostas novads (Pāvilosta)
LV,072,Pļaviņu novads (Pļaviņas)
LV,073,Preilu novads (Preiļi)
LV,074,Priekules novads (Priekule)
LV,075,Priekuļu novads (Priekuļi)
LV,076,Raunas novads (Rauna)
LV,077,Rēzeknes novads (Rēzekne)
LV,078,Riebiņu novads (Riebiņi)
LV,079,Rojas novads (Roja)
LV,080,Ropažu novads (Ropaži)
LV,081,Rucavas novads (Rucava)
LV,082,Rugāju novads (Rugāji)
LV,083,Rundāles novads (Rundāle)
LV,084,Rūjienas novads (Rūjiena)
LV,085,Salas novads (Sala)
LV,086,Salacgrīvas novads (Salacgrīva)
LV,087,Salaspils novads (Salaspils)
LV,088,Saldus novads (Saldus)
LV,089,Saulkrastu novads (Saulkrasti)
LV,090,Sējas novads (Sēja)
LV,091,Siguldas novads (Sigulda)
LV,092,Skrīveru novads (Skrīveri)
LV,093,Skrundas novads (Skrunda)
LV,094,Smiltenes novads (Smiltene)
LV,095,Stopiņu novads (Stopiņi)
LV,096,Strenču novads (Strenči)
LV,097,Talsu novads (Talsi)
LV,098,Tērvetes novads (Tērvete)
LV,099,Tukuma novads (Tukums)
LV,100,Vaiņodes novads (Vaiņode)
LV,101,Valkas novads (Valka)
LV,102,Varakļānu novads (Varakļāni)
LV,103,Vārkavas novads (Vārkava)
LV,104,"Vecpiebalgas novads (Vecpiebalga)"
LV,105,Vecumnieku novads (Vecumnieki)
LV,106,Ventspils novads (Ventspils)
LV,107,Viesītes novads (Viesīte)
LV,108,Viļakas novads (Viļaka)
LV,109,Viļānu novads (Viļāni)
LV,110,Zilupes novads (Zilupe)
LV,DGV,Daugavpils
LV,JEL,Jelgava
LV,JKB,Jēkabpils
LV,JUR,Jūrmala
LV,LPX,Liepāja
LV,REZ,Rēzekne
LV,RIX,Rīga
LV,VEN,Ventspils
LV,VMR,Valmiera
LY,BA,Banghāzī
LY,BU,Al Buţnān
LY,DR,Darnah
LY,GT,Ghāt
LY,JA,Al Jabal al Akhḑar
LY,JG,Al Jabal al Gharbī
LY,JI,Al Jafārah
LY,JU,Al Jufrah
LY,KF,Al Kufrah
LY,MB,Al Marqab
LY,MI,Mişrātah
LY,MJ,Al Marj
LY,MQ,Murzuq
LY,NL,Nālūt
LY,NQ,An Nuqaţ al Khams
LY,SB,Sabhā
LY,SR,Surt
LY,TB,Ţarābulus
LY,WA,Al Wāḩāt
LY,WD,Wādī al Hayāt
LY,WS,Wādī ash Shāţiʾ
LY,ZA,Az Zāwiyah
MA,01,Tanger-Tétouan-Al Hoceïma
MA,02, L'Oriental
MA,03, Fès- Meknès
MA,04,Rabat-Salé-Kénitra
MA,05,Béni Mellal-Khénifra
MA,06,Casablanca-Settat
MA,07,Marrakech-Safi
MA,08,Drâa-Tafilalet
MA,09,Souss-Massa
MA,10,Guelmim-Oued Noun (EH-partial)
MA,11,Laâyoune-Sakia El Hamra (EH-partial)
MA,12,Dakhla-Oued Ed-Dahab (EH)
MA,AGD,Agadir-Ida-Ou-Tanane
MA,AOU,Aousserd
MA,ASZ,Assa-Zag (EH-partial)
MA,AZI,Azilal
MA,BEM,Beni Mellal
MA,BER,Berkane
MA,BES,Benslimane
MA,BOD,Boujdour (EH)
MA,BOM,Boulemane
MA,BRR,Berrechid
MA,CAS,Casablanca [Dar el Beïda]*
MA,CHE,Chefchaouene
MA,CHI,Chichaoua
MA,CHT,Chtouka-Ait Baha
MA,CHT,Chtouka-Ait Baha
MA,DRI, Driouch
MA,ERR,Errachidia
MA,ESI,Essaouira
MA,ESM,Es-Semara (EH-partial)
MA,FAH, Fahs-Anjra
MA,FES, Fès
MA,FIG,Figuig
MA,FQH, Fquih Ben Salah
MA,GUE,Guelmim
MA,GUF, Guercif
MA,HAJ,El Hajeb
MA,HAO,Al Haouz
MA,HOC,Al Hoceïma
MA,IFR,Ifrane
MA,INE,Inezgane-Ait Melloul
MA,JDI,El Jadida
MA,JRA, Jerada
MA,KEN,Kénitra
MA,KES, El Kelâa des Sraghna
MA,KES,Kelaat Sraghna
MA,KHE,Khemisset
MA,KHN,Khenifra
MA,KHO,Khouribga
MA,LAA,Laâyoune
MA,LAR,Larache
MA,MAR,Marrakech
MA,MDF,M’diq-Fnideq
MA,MED,Médiouna
MA,MEK,Meknès*
MA,MID, Midelt
MA,MMD,Marrakech-Medina
MA,MMN,Marrakech-Menara
MA,MOH,Mohammadia
MA,MOU,Moulay Yacoub
MA,NAD,Nador
MA,NOU,Nouaceur
MA,OUA,Ouarzazate
MA,OUD, Oued Ed-Dahab (EH)
MA,OUJ,Oujda‐Angad
MA,OUZ,Ouezzane
MA,RAB,Rabat
MA,REH,Rehamna
MA,SAF,Safi
MA,SAL,Salé
MA,SEF,Sefrou
MA,SET,Settat
MA,SIB,Sidi Bennour
MA,SIF, Sidi Ifni
MA,SIK,Sidi Kacem
MA,SIL,Sidi Slimane
MA,SKH,Skhirate-Témara
MA,SYB,Sidi Youssef Ben Ali
MA,TAF,Tarfaya (EH-partial)
MA,TAI,Taourirt
MA,TAO,Taounate
MA,TAR,Taroudannt
MA,TAT,Tata
MA,TAZ,Taza
MA,TET,Tétouan*
MA,TIN,Tinghir
MA,TIZ,Tiznit
MA,TNG,Tanger‐Assilah
MA,TNT,Tan-Tan
MA,YUS,Youssoufia
MA,ZAG,Zagora
MC,CL,La Colle
MC,CO,La Condamine
MC,FO,Fontvieille
MC,GA,La Gare
MC,JE,Jardin Exotique
MC,LA,Larvotto
MC,MA,Malbousquet
MC,MC,Monte‐Carlo
MC,MG,Moneghetti
MC,MO,Monaco‐Ville
MC,MU,Moulins
MC,PH,Port‐Hercule
MC,SD,Sainte‐Dévote
MC,SO,La Source
MC,SP,Spélugues
MC,SR,Saint‐Roman
MC,VR,Vallon de la Rousse
MD,AN,Anenii Noi
MD,BA,Bălţi
MD,BD,Bender [Tighina]
MD,BR,Briceni
MD,BS,Basarabeasca
MD,CA,Cahul
MD,CL,Călăraşi
MD,CM,Cimişlia
MD,CR,Criuleni
MD,CS,Căuşeni
MD,CT,Cantemir
MD,CU,Chişinău
MD,DO,Donduşeni
MD,DR,Drochia
MD,DU,Dubăsari
MD,ED,Edineţ
MD,FA,Făleşti
MD,FL,Floreşti
MD,GA,"Găgăuzia, Unitatea teritorială autonomă (UTAG)"
MD,GL,Glodeni
MD,HI,Hînceşti
MD,IA,Ialoveni
MD,LE,Leova
MD,NI,Nisporeni
MD,OC,Ocniþa
MD,OR,Orhei
MD,RE,Rezina
MD,RI,Rîşcani
MD,SD,Şoldăneşti
MD,SI,Sîngerei
MD,SN,"Stînga Nistrului, unitatea teritorială din"
MD,SO,Soroca
MD,ST,Străşeni
MD,SV,Ştefan Vodă
MD,TA,Taraclia
MD,TE,Teleneşti
MD,UN,Ungheni
ME,01,Andrijevica
ME,02,Bar
ME,03,Berane
ME,04,Bijelo Polje
ME,05,Budva
ME,06,Cetinje
ME,07,Danilovgrad
ME,08,Herceg-Novi
ME,09,Kolašin
ME,10,Kotor
ME,11,Mojkovac
ME,12,Nikšić
ME,13,Plav
ME,14,Pljevlja
ME,15,Plužine
ME,16,Podgorica
ME,17,Rožaje
ME,18,Šavnik
ME,19,Tivat
ME,20,Ulcinj
ME,21,Žabljak
ME,22,Gusinje
ME,23,Petnjica
ME,24,Tuzi
MG,A,Toamasina
MG,D,Antsiranana
MG,F,Fianarantsoa
MG,M,Mahajanga
MG,T,Antananarivo
MG,U,Toliara
MH,ALK,Ailuk
MH,ALL,Ailinglaplap
MH,ARN,Arno
MH,AUR,Aur
MH,EBO,Ebon
MH,ENI,Enewetak & Ujelang
MH,JAB,Jabat
MH,JAL,Jaluit
MH,KIL,Bikini & Kili
MH,KWA,Kwajalein
MH,L,Ralik chain
MH,LAE,Lae
MH,LIB,Lib
MH,LIK,Likiep
MH,MAJ,Majuro
MH,MAL,Maloelap
MH,MEJ,Mejit
MH,MIL,Mili
MH,NMK,Namdrik
MH,NMU,Namu
MH,RON,Rongelap
MH,T,Ratak chain
MH,UJA,Ujae
MH,UTI,Utrik
MH,WTH,Wotho
MH,WTJ,Wotje
MK,101,Veles
MK,102,Gradsko
MK,103,Demir Kapija
MK,104,Kavadarci
MK,105,Lozovo
MK,106,Negotino
MK,107,Rosoman
MK,108,Sveti Nikole
MK,109,Čaška
MK,201,Berovo
MK,202,Vinica
MK,203,Delčevo
MK,204,Zrnovci
MK,205,Karbinci
MK,205,Karbinci
MK,206,Kočani
MK,207,Makedonska Kamenica
MK,208,Pehčevo
MK,209,Probištip
MK,210,Češinovo-Obleševo
MK,211,Štip
MK,301,Vevčani
MK,303,Debar
MK,304,Debarca
MK,307,Kičevo
MK,308,Makedonski Brod
MK,310,Ohrid
MK,311,Plasnica
MK,312,Struga
MK,313,Centar Župa
MK,401,Bogdanci
MK,402,Bosilovo
MK,403,Valandovo
MK,404,Vasilevo
MK,405,Gevgelija
MK,406,Dojran
MK,407,Konče
MK,408,Novo Selo
MK,409,Radoviš
MK,410,Strumica
MK,501,Bitola
MK,502,Demir Hisar
MK,503,Dolneni
MK,504,Krivogaštani
MK,505,Kruševo
MK,506,Mogila
MK,507,Novaci
MK,508,Prilep
MK,509,Resen
MK,601,Bogovinje
MK,602,Brvenica
MK,603,Vrapčište
MK,604,Gostivar
MK,605,Želino
MK,606,Jegunovce
MK,607,Mavrovo-i-Rostuša
MK,608,Tearce
MK,609,Tetovo
MK,701,Kratovo
MK,702,Kriva Palanka
MK,703,Kumanovo
MK,704,Lipkovo
MK,705,Rankovce
MK,706,Staro Nagoričane
MK,801,Aerodrom
MK,802,Aračinovo
MK,803,Butel
MK,804,Gazi Baba
MK,805,Gjorče Petrov
MK,806,Zelenikovo
MK,807,Ilinden
MK,808,Karpoš
MK,809,Kisela Voda
MK,810,Petrovec
MK,811,Saraj
MK,812,Sopište
MK,813,Studeničani
MK,814,Centar
MK,815,Čair
MK,816,Čučer Sandevo
MK,817,Šuto Orizari
ML,1,Kayes
ML,10,Taoudénit
ML,2,Koulikoro
ML,3,Sikasso
ML,4,Ségou
ML,5,Mopti
ML,6,Tombouctou
ML,7,Gao
ML,8,Kidal
ML,9,Ménaka
ML,BKO,Bamako
MM,01,Sagaing
MM,02,Bago
MM,03,Magway
MM,04,Mandalay
MM,05,Tanintharyi
MM,06,Yangon
MM,07,Ayeyarwady
MM,11,Kachin
MM,12,Kayah
MM,13,Kayin
MM,14,Chin
MM,15,Mon
MM,16,Rakhine
MM,17,Shan
MM,18,Nay Pyi Taw
MN,035,Orhon
MN,037,Darhan uul
MN,039,Hentiy
MN,041,Hövagöl
MN,043,Hovd
MN,046,Uvs
MN,047,Töv
MN,049,Selenge
MN,051,Sühbaatar
MN,053,Ömnögovĭ
MN,055,Övörhangay
MN,057,Dzavhan
MN,059,Dundgovĭ
MN,061,Dornod
MN,063,Dornogovĭ
MN,064,Govĭ‐Sümber
MN,065,Govĭ-Altay
MN,067,Bulgan
MN,069,Bayanhongor
MN,071,Bayan-Ölgiy
MN,073,Arhangay
MN,1,Ulaanbaatar
MR,01,Hodh ech Chargui
MR,02,Hodh el Gharbi
MR,03,Assaba
MR,04,Gorgol
MR,05,Brakna
MR,06,Trarza
MR,07,Adrar
MR,08,Dakhlet Nouâdhibou
MR,09,Tagant
MR,10,Guidimaka
MR,11,Tiris Zemmour
MR,12,Inchiri
MR,13,Nouakchott Ouest
MR,14,Nouakchott Nord
MR,15,Nouakchott Sud
MT,01,Attard
MT,02,Balzan
MT,03,Birgu
MT,04,Birkirkara
MT,05,Birżebbuġa
MT,06,Bormla
MT,07,Dingli
MT,08,Fgura
MT,09,Floriana
MT,10,Fontana
MT,11,Gudja
MT,12,Gżira
MT,13,Għajnsielem
MT,14,Għarb
MT,15,Għargħur
MT,16,Għasri
MT,17,Għaxaq
MT,18,Ħamrun
MT,19,Iklin
MT,20,Isla
MT,21,Kalkara
MT,22,Kerċem
MT,23,Kirkop
MT,24,Lija
MT,25,Luqa
MT,26,Marsa
MT,27,Marsaskala
MT,28,Marsaxlokk
MT,29,Mdina
MT,30,Mellieħa
MT,31,Mġarr
MT,32,Mosta
MT,33,Mqabba
MT,34,Msida
MT,35,Mtarfa
MT,36,Munxar
MT,37,Nadur
MT,38,Naxxar
MT,39,Paola
MT,40,Pembroke
MT,41,Pietà
MT,42,Qala
MT,43,Qormi
MT,44,Qrendi
MT,45,Rabat Gozo
MT,46,Rabat Malta
MT,47,Safi
MT,48,Saint Julian's
MT,49,Saint John
MT,50,Saint Lawrence
MT,51,Saint Paul's Bay
MT,52,Sannat
MT,53,Saint Lucia's
MT,54,Santa Venera
MT,55,Siġġiewi
MT,56,Sliema
MT,57,Swieqi
MT,58,Ta' Xbiex
MT,59,Tarxien
MT,60,Valletta
MT,61,Xagħra
MT,62,Xewkija
MT,63,Xgħajra
MT,64,Żabbar
MT,65,Żebbuġ Gozo
MT,66,Żebbuġ Malta
MT,67,Żejtun
MT,68,Żurrieq
MU,AG,Agalega Islands
MU,BL,Black River
MU,BR,Beau Bassin-Rose Hill
MU,CC,Cargados Carajos Shoals [Saint Brandon Islands]
MU,CU,Curepipe
MU,FL,Flacq
MU,GP,Grand Port
MU,MO,Moka
MU,PA,Pamplemousses
MU,PL,Port Louis
MU,PU,Port Louis
MU,PW,Plaines wilhems
MU,QB,Quatre Bornes
MU,RO,Rodrigues Island
MU,RR,Rivière du Rempart
MU,SA,Savanne
MU,VP,Vacoas-Phoenix
MV,00, Alifu Dhaalu
MV,01,Seenu
MV,02,Alifu Alifu
MV,03,Lhaviyani
MV,04,Vaavu
MV,05,Hahdhunmathi
MV,07,Haa Alif
MV,08,Thaa
MV,12,Meemu
MV,13,Raa
MV,14,Faafu
MV,17,Dhaalu
MV,20,Baa
MV,23,Haa Dhaalu
MV,24,Shaviyani
MV,25,Noonu
MV,26,Kaafu
MV,27,Gaafu Alifu
MV,28,Gaafu Dhaalu
MV,29,Gnaviyani
MV,MLE,Male
MW,BA,Balaka
MW,BL,Blantyre
MW,C,Central
MW,CK,Chikwawa
MW,CR,Chiradzulu
MW,CT,Chitipa
MW,DE,Dedza
MW,DO,Dowa
MW,KR,Karonga
MW,KS,Kasungu
MW,LI,Lilongwe
MW,LK,Likoma
MW,MC,Mchinji
MW,MG,Mangochi
MW,MH,Machinga
MW,MU,Mulanje
MW,MW,Mwanza
MW,MZ,Mzimba
MW,N,Northern
MW,NB,Nkhata Bay
MW,NE,Neno
MW,NI,Ntchisi
MW,NK,Nkhotakota
MW,NS,Nsanje
MW,NU,Ntcheu
MW,PH,Phalombe
MW,RU,Rumphi
MW,S,Southern
MW,SA,Salima
MW,TH,Thyolo
MW,ZO,Zomba
MX,AGU,Aguascalientes
MX,BCN,Baja California
MX,BCS,Baja California Sur
MX,CAM,Campeche
MX,CHH,Chihuahua
MX,CHP,Chiapas
MX,CMX,Ciudad de México
MX,COA,Coahuila de Zaragoza
MX,COL,Colima
MX,DUR,Durango
MX,GRO,Guerrero
MX,GUA,Guanajuato
MX,HID,Hidalgo
MX,JAL,Jalisco
MX,MEX,México
MX,MIC,Michoacán de Ocampo
MX,MOR,Morelos
MX,NAY,Nayarit
MX,NLE,Nuevo León
MX,OAX,Oaxaca
MX,PUE,Puebla
MX,QUE,Querétaro
MX,ROO,Quintana Roo
MX,SIN,Sinaloa
MX,SLP,San Luis Potosí
MX,SON,Sonora
MX,TAB,Tabasco
MX,TAM,Tamaulipas
MX,TLA,Tlaxcala
MX,VER,Veracruz de Ignacio de la Llave
MX,YUC,Yucatán
MX,ZAC,Zacatecas
MY,01,Johor
MY,02,Kedah
MY,03,Kelantan
MY,04,Melaka
MY,05,Negeri Sembilan
MY,06,Pahang
MY,07,Pulau Pinang
MY,08,Perak
MY,09,Perlis
MY,10,Selangor
MY,11,Terengganu
MY,12,Sabah
MY,13,Sarawak
MY,14,Wilayah Persekutuan Kuala Lumpur
MY,15,Wilayah Persekutuan Labuan
MY,16,Wilayah Persekutuan Putrajaya
MZ,A,Niaosa
MZ,B,Manica
MZ,G,Gaza
MZ,I,Inhambane
MZ,L,Maputo
MZ,MPM,Maputo
MZ,N,Nampula
MZ,P,Cabo Delgado
MZ,Q,Zambézia
MZ,S,Sofala
MZ,T,Tete
NA,CA,Zambezi
NA,ER,Erongo
NA,HA,Hardap
NA,KA,Karas
NA,KE,Kavango East
NA,KH,Khomas
NA,KU,Kunene
NA,KW,Kavango West
NA,OD,Otjozondjupa
NA,OH,Omaheke
NA,ON,Oshana
NA,OS,Omusati
NA,OT,Oshikoto
NA,OW,Ohangwena
NE,1,Agadez
NE,2,Diffa
NE,3,Dosso
NE,4,Maradi
NE,5,Tahoua
NE,6,Tillabéri
NE,7,Zinder
NE,8,Niamey
NG,AB,Abia
NG,AD,Adamawa
NG,AK,Akwa Ibom
NG,AN,Anambra
NG,BA,Bauchi
NG,BE,Benue
NG,BO,Borno
NG,BY,Bayelsa
NG,CR,Cross River
NG,DE,Delta
NG,EB,Ebonyi
NG,ED,Edo
NG,EK,Ekiti
NG,EN,Enugu
NG,FC,Abuja Capital Territory
NG,GO,Gombe
NG,IM,Imo
NG,JI,Jigawa
NG,KD,Kaduna
NG,KE,Kebbi
NG,KN,Kano
NG,KO,Kogi
NG,KT,Katsina
NG,KW,Kwara
NG,LA,Lagos
NG,NA,Nasarawa
NG,NI,Niger
NG,OG,Ogun
NG,ON,Ondo
NG,OS,Osun
NG,OY,Oyo
NG,PL,Plateau
NG,RI,Rivers
NG,SO,Sokoto
NG,TA,Taraba
NG,YO,Yobe
NG,ZA,Zamfara
NI,AN,Atlántico Norte
NI,AS,Atlántico Sur
NI,BO,Boaco
NI,CA,Carazo
NI,CI,Chinandega
NI,CO,Chontales
NI,ES,Estelí
NI,GR,Granada
NI,JI,Jinotega
NI,LE,León
NI,MD,Madriz
NI,MN,Managua
NI,MS,Masaya
NI,MT,Matagalpa
NI,NS,Nueva Segovia
NI,RI,Rivas
NI,SJ,Río San Juan
NL,DR,Drenthe
NL,FL,Flevoland
NL,FR,Fryslân
NL,GE,Gelderland
NL,GR,Groningen
NL,LI,Limburg
NL,NB,Noord-Brabant
NL,NH,Noord-Holland
NL,OV,Overijssel
NL,UT,Utrecht
NL,ZE,Zeeland
NL,ZH,Zuid-Holland
NO,01,Østfold
NO,02,Akershus
NO,03,Oslo
NO,04,Hedmark
NO,05,Oppland
NO,06,Buskerud
NO,07,Vestfold
NO,08,Telemark
NO,09,Aust-Agder
NO,10,Vest-Agder
NO,11,Rogaland
NO,12,Hordaland
NO,14,Sogn og Fjordane
NO,15,Møre og Romsdal
NO,18,Nordland
NO,19,Troms
NO,20,Finnmark
NO,21,"Svalbard (Arctic Region) (See also country code SJ)"
NO,22,"Jan Mayen (Arctic Region) (See also country code SJ)"
NO,50,Trøndelag
NP,BA,Bagmati
NP,BH,Bheri
NP,DH,Dhawalagiri
NP,GA,Gandaki
NP,JA,Janakpur
NP,KA,Karnali
NP,KO,Kosi [Koshi]
NP,LU,Lumbini
NP,MA,Mahakali
NP,ME,Mechi
NP,NA,Narayani
NP,P1, Pradesh 1
NP,P2,Pradesh 2
NP,P3,Pradesh 3
NP,P4,Pradesh 4
NP,P5,Pradesh 5
NP,P6,Pradesh 6
NP,P7,Pradesh 7
NP,RA,Rapti
NP,SA,Sagarmatha
NP,SE,Seti
NR,01,Aiwo
NR,02,Anabar
NR,03,Anetan
NR,04,Anibare
NR,05,Baitsi
NR,06,Boe
NR,07,Buada
NR,08,Denigomodu
NR,09,Ewa
NR,10,Ijuw
NR,11,Meneng
NR,12,Nibok
NR,13,Uaboe
NR,14,Yaren
NZ,AUK,Auckland
NZ,BOP,Bay of Plenty
NZ,CAN,Canterbury
NZ,CIT,Chatham Islands Territory
NZ,GIS,Gisborne
NZ,HKB,Hawkes's Bay
NZ,MBH,Marlborough
NZ,MWT,Manawatu-Wanganui
NZ,NSN, Nelson
NZ,NTL,Northland
NZ,OTA,Otago
NZ,STL,Southland
NZ,TAS, Tasman
NZ,TKI,Taranaki
NZ,WGN,Wellington
NZ,WKO,Waikato
NZ,WTC,West Coast
OM,BJ,Janūb al Bāţinah
OM,BS,Shamāl al Bāţinah
OM,BU,Al Buraymī
OM,DA,Ad Dākhilīyah
OM,MA,Masqaţ
OM,MU,Musandam
OM,SJ,Janūb ash Sharqīyah
OM,SS,Shamāl ash Sharqīyah
OM,WU,AI Wusţa
OM,ZA,Az Zāhirah
OM,ZU,Z̧ufār
PA,1,Bocas del Toro
PA,10,Panamá Oeste
PA,2,Coclé
PA,3,Colón
PA,4,Chiriquí
PA,5,Darién
PA,6,Herrera
PA,7,Los Santos
PA,8,Panamá
PA,9,Veraguas
PA,EM,Emberá
PA,KY,Guna Yala
PA,NB,Ngöbe-Buglé
PE,AMA,Amazonas
PE,ANC,Ancash
PE,APU,Apurímac
PE,ARE,Arequipa
PE,AYA,Ayacucho
PE,CAJ,Cajamarca
PE,CAL,El Callao
PE,CUS,Cuzco [Cusco]
PE,HUC,Huánuco
PE,HUV,Huancavelica
PE,ICA,Ica
PE,JUN,Junín
PE,LAL,La Libertad
PE,LAM,Lambayeque
PE,LIM,Lima
PE,LMA,Lima hatun llaqta
PE,LOR,Loreto
PE,MDD,Madre de Dios
PE,MOQ,Moquegua
PE,PAS,Pasco
PE,PIU,Piura
PE,PUN,Puno
PE,SAM,San Martín
PE,TAC,Tacna
PE,TUM,Tumbes
PE,UCA,Ucayali
PG,CPK,Chimbu
PG,CPM,Central
PG,EBR,East New Britain
PG,EHG,Eastern Highlands
PG,EPW,Enga
PG,ESW,East Sepik
PG,GPK,Gulf
PG,HLA,Hela
PG,JWK,Jiwaka
PG,MBA,Milne Bay
PG,MPL,Morobe
PG,MPM,Madang
PG,MRL,Manus
PG,NCD,National Capital District (Port Moresby)
PG,NIK,New Ireland
PG,NPP,Northern
PG,NSB,Bougainville
PG,SAN,West Sepik
PG,SHM,Southern Highlands
PG,WBK,West New Britain
PG,WHM,Western Highlands
PG,WPD,Western
PH,00,National Capital Région (Manila)
PH,ABR,Abra
PH,AGN,Agusan del Norte
PH,AGS,Agusan del Sur
PH,AKL,Aklan
PH,ALB,Albay
PH,ANT,Antique
PH,APA,Apayao
PH,AUR,Aurora
PH,BAN,Bataan
PH,BAS,Basilan
PH,BEN,Benguet
PH,BIL,Biliran
PH,BOH,Bohol
PH,BTG,Batangas
PH,BTN,Batanes
PH,BUK,Bukidnon
PH,BUL,Bulacan
PH,CAG,Cagayan
PH,CAM,Camiguin
PH,CAN,Camarines Norte
PH,CAP,Capiz
PH,CAS,Camarines Sur
PH,CAT,Catanduanes
PH,CAV,Cavite
PH,CEB,Cebu
PH,COM,Compostela Valley
PH,DAO,Davao Oriental
PH,DAS,Davao del Sur
PH,DAV,Davao del Norte
PH,DIN,Dinagat Islands
PH,DVO,Kanlurang Dabaw
PH,EAS,Eastern Samar
PH,GUI,Guimaras
PH,IFU,Ifugao
PH,ILI,Iloilo
PH,ILN,Ilocos Norte
PH,ILS,Ilocos Sur
PH,ISA,Isabela
PH,KAL,Kalinga-Apayao
PH,LAG,Laguna
PH,LAN,Lanao del Norte
PH,LAS,Lanao del Sur
PH,LEY,Leyte
PH,LUN,La Union
PH,MAD,Marinduque
PH,MAG,Maguindanao
PH,MAS,Masbate
PH,MDC,Mindoro Occidental
PH,MDR,Mindoro Oriental
PH,MOU,Mountain Province
PH,MSC,Misamis Occidental
PH,MSR,Misamis Oriental
PH,NCO,Kotabato
PH,NEC,Negros occidental
PH,NER,Negros oriental
PH,NSA,Northern Samar
PH,NUE,Nueva Ecija
PH,NUV,Nueva Vizcaya
PH,PAM,Pampanga
PH,PAN,Pangasinan
PH,PLW,Palawan
PH,QUE,Quezon
PH,QUI,Quirino
PH,RIZ,Rizal
PH,ROM,Romblon
PH,SAR,Sarangani
PH,SCO,South Cotabato
PH,SIG,Siquijor
PH,SLE,Southern Leyte
PH,SLU,Sulu
PH,SOR,Sorsogon
PH,SUK,Sultan Kudarat
PH,SUN,Surigao del Norte
PH,SUR,Surigao del Sur
PH,TAR,Tarlac
PH,TAW,Tawi-Tawi
PH,WSA,Western Samar
PH,ZAN,Zamboanga del Norte
PH,ZAS,Zamboanga del Sur
PH,ZMB,Zambales
PH,ZSI,Zamboanga Sibuguey [Zamboanga Sibugay]
PK,BA,Balochistan
PK,GB,Gilgit-Baltistan
PK,IS,Islamabad
PK,JK,Azad Jammu and Kashmir
PK,KP,Khyber Pakhtunkhwa
PK,PB,Punjab
PK,SD,Sindh
PL,02,Dolnośląskie
PL,04,Kujawsko-pomorskie
PL,06,Lubelskie
PL,08,Lubuskie
PL,10,Łódzkie
PL,12,Małopolskie
PL,14,Mazowieckie
PL,16,Opolskie
PL,18,Podkarpackie
PL,20,Podlaskie
PL,22,Pomorskie
PL,24,Śląskie
PL,26,Świętokrzyskie
PL,28,Warmińsko-mazurskie
PL,30,Wielkopolskie
PL,32,Zachodniopomorskie
PS,BTH,Bethlehem
PS,DEB,Deir El Balah
PS,GZA,Gaza
PS,HBN,Hebron
PS,JEM,Jerusalem
PS,JRH, Jericho and Al Aghwar
PS,KYS,Khan Yunis
PS,NBS,Nablus
PS,NGZ,North Gaza
PS,QQA,Qalqilya
PS,RBH,Ramallah
PS,RFH,Rafah
PS,SLT,Salfit
PS,TBS,Tubas
PS,TKM,Tulkarm
PT,01,Aveiro
PT,02,Beja
PT,03,Braga
PT,04,Bragança
PT,05,Castelo Branco
PT,06,Coimbra
PT,07,Évora
PT,08,Faro
PT,09,Guarda
PT,10,Leiria
PT,11,Lisboa
PT,12,Portalegre
PT,13,Porto
PT,14,Santarém
PT,15,Setúbal
PT,16,Viana do Castelo
PT,17,Vila Real
PT,18,Viseu
PT,20,Região Autónoma dos Açores
PT,30,Região Autónoma da Madeira
PW,002,Aimeliik
PW,004,Airai
PW,010,Angaur
PW,050,Hatohobei
PW,100,Kayangel
PW,150,Koror
PW,212,Melekeok
PW,214,Ngaraard
PW,218,Ngarchelong
PW,222,Ngardmau
PW,224,Ngatpang
PW,226,Ngchesar
PW,227,Ngeremlengui
PW,228,Ngiwal
PW,350,Peleliu
PW,370,Sonsorol
PY,1,Concepción
PY,10,Alto Paraná
PY,11,Central
PY,12,Ñeembucú
PY,13,Amambay
PY,14,Canindeyú
PY,15,Presidente Hayes
PY,16,Alto Paraguay
PY,19,Boquerón
PY,2,San Pedro
PY,3,Cordillera
PY,4,Guairá
PY,5,Caaguazú
PY,6,Caazapá
PY,7,Itapúa
PY,8,Misiones
PY,9,Paraguarí
PY,ASU,Asunción
QA,DA,Ad Dawhah
QA,KH,Al Khawr wa adh Dhakhīrah
QA,MS,Ash Shamāl
QA,RA,Ar Rayyān
QA,SH,Ash Shīḩānīyah
QA,US,Umm Şalāl
QA,WA,Al Wakrah
QA,ZA,Az̧ Z̧a‘āyin
RO,AB,Alba
RO,AG,Argeş
RO,AR,Arad
RO,B,Bucureşti
RO,BC,Bacău
RO,BH,Bihor
RO,BN,Bistriţa-Năsăud
RO,BR,Brāila
RO,BT,Botoşani
RO,BV,Braşov
RO,BZ,Buzău
RO,CJ,Cluj
RO,CL,Călărasi
RO,CS,Caraş-Severin
RO,CT,Constarţa
RO,CV,Covasna
RO,DB,Dâmboviţa
RO,DJ,Dolj
RO,GJ,Gorj
RO,GL,Galaţi
RO,GR,Giurgiu
RO,HD,Hunedoara
RO,HR,Harghita
RO,IF,Ilfov
RO,IL,Ialomiţa
RO,IS,Iaşi
RO,MH,Mehedinţi
RO,MM,Maramureş
RO,MS,Mureş
RO,NT,Neamţ
RO,OT,Olt
RO,PH,Prahova
RO,SB,Sibiu
RO,SJ,Sălaj
RO,SM,Satu Mare
RO,SV,Suceava
RO,TL,Tulcea
RO,TM,Timiş
RO,TR,Teleorman
RO,VL,Vâlcea
RO,VN,Vrancea
RO,VS,Vaslui
RS,00,Beograd
RS,01,Severnobački okrug
RS,02,Srednjebanatski okrug
RS,03,Severnobanatski okrug
RS,04,Južnobanatski okrug
RS,05,Zapadnobački okrug
RS,06,Južnobački okrug
RS,07,Sremski okrug
RS,08,Mačvanski okrug
RS,09,Kolubarski okrug
RS,10,Podunavski okrug
RS,11,Braničevski okrug
RS,12,Šumadijski okrug
RS,13,Pomoravski okrug
RS,14,Borski okrug
RS,15,Zaječarski okrug
RS,16,Zlatiborski okrug
RS,17,Moravički okrug
RS,18,Raški okrug
RS,19,Rasinski okrug
RS,20,Nišavski okrug
RS,21,Toplički okrug
RS,22,Pirotski okrug
RS,23,Jablanički okrug
RS,24,Pčinjski okrug
RS,25,Kosovski okrug
RS,26,Pećki okrug
RS,27,Prizrenski okrug
RS,28,Kosovsko‐Mitrovački okrug
RS,29,Kosovsko‐Pomoravski okrug
RS,KM,Kosovo-Metohija
RS,VO,Vojvodina
RU,AD,"Adygeya, Respublika"
RU,AL,"Altay, Respublika"
RU,ALT,Altayskiy kray
RU,AMU,Amurskaya oblast'
RU,ARK,"Arkhangel'skaya oblast,"
RU,AST,Astrakhanskaya oblast'
RU,BA,"Bashkortostan, Respublika"
RU,BEL,Belgorodskaya oblast'
RU,BRY,Bryanskaya oblast'
RU,BU,"Buryatiya, Respublika"
RU,CE,Chechenskaya Respublika
RU,CHE,Chelyabinskaya oblast'
RU,CHU,Chukotskiy avtonomnyy okrug
RU,CU,Chuvashskaya Respublika
RU,DA,"Dagestan, Respublika"
RU,IN,Ingushskaya Respublika [Respublika Ingushetiya]
RU,IRK,Irkutskaya oblast'
RU,IVA,Ivanovskaya oblast'
RU,KAM,Kamchatskaya oblast'
RU,KB,Kabardino-Balkarskaya Respublika
RU,KC,Karachayevo-Cherkesskaya Respublika
RU,KDA,Krasnodarskiy kray
RU,KEM,Kemerovskaya oblast'
RU,KGD,"Kaliningradskaya oblast,"
RU,KGN,Kurganskaya oblast'
RU,KHA,Khabarovskiy kray
RU,KHM,Khanty-Mansiyskiy avtonomnyy okrug
RU,KIR,Kirovskaya oblast'
RU,KK,"Khakasiya, Respublika"
RU,KL,"Kalmykiya, Respublika"
RU,KLU,Kaluzhskaya oblast'
RU,KO,"Komi, Respublika"
RU,KOS,Kostromskaya oblast'
RU,KR,"Kareliya, Respublika"
RU,KRS,Kurskaya oblast'
RU,KYA,Krasnoyarskiy kray
RU,LEN,Leningradskaya oblast'
RU,LIP,Lipetskaya oblast'
RU,MAG,Magadanskaya oblast'
RU,ME,"Mariy El, Respublika"
RU,MO,"Mordoviya, Respublika"
RU,MOS,Moskovskaya oblast'
RU,MOW,Moskva
RU,MUR,Murmanskaya oblast'
RU,NEN,Nenetskiy avtonomnyy okrug
RU,NGR,Novgorodskaya oblast'
RU,NIZ,Nizhegorodskaya oblast'
RU,NVS,Novosibirskaya oblast'
RU,OMS,Omskaya oblast'
RU,ORE,Orenburgskaya oblast'
RU,ORL,Orlovskaya oblast'
RU,PER,Perm
RU,PNZ,Penzenskaya oblast'
RU,PRI,Primorskiy kray
RU,PSK,Pskovskaya oblast'
RU,ROS,Rostovskaya oblast'
RU,RYA,Ryazanskaya oblast'
RU,SA,"Sakha, Respublika [Yakutiya]"
RU,SAK,Sakhalinskaya oblast'
RU,SAM,Samarskaya oblast'
RU,SAR,Saratovskaya oblast'
RU,SE,"Severnaya Osetiya, Respublika Alaniya] [Respublika Severnaya Osetiya-Alaniya]"
RU,SMO,Smolenskaya oblast'
RU,SPE,Sankt-Peterburg
RU,STA,Stavropol'skiy kray
RU,SVE,Sverdlovskaya oblast'
RU,TA,"Tatarstan, Respublika"
RU,TAM,Tambovskaya oblast'
RU,TOM,Tomskaya oblast'
RU,TUL,Tul'skaya oblast'
RU,TVE,Tverskaya oblast'
RU,TY,"Tyva, Respublika [Tuva]"
RU,TYU,Tyumenskaya oblast'
RU,UD,Udmurtskaya Respublika
RU,ULY,Ul'yanovskaya oblast'
RU,VGG,Volgogradskaya oblast'
RU,VLA,Vladimirskaya oblast'
RU,VLG,Vologodskaya oblast'
RU,VOR,Voronezhskaya oblast'
RU,YAN,Yamalo-Nenetskiy avtonomnyy okrug
RU,YAR,Yaroslavskaya oblast'
RU,YEV,Yevreyskaya avtonomnaya oblast'
RU,ZAB,Zabaykal'skiy kray
RW,01,Ville de Kigali
RW,02,Est
RW,03,Nord
RW,04,Ouest
RW,05,Sud
SA,01,Ar Riyād
SA,02,Makkah al Mukarramah
SA,03,Al Madīnah al Munawwarah
SA,04,Ash Sharqīyah
SA,05,AI Qaşīm
SA,06,Hā'il
SA,07,Tabūk
SA,08,AI Hudūd ash Shamālīyah
SA,09,Jāzān
SA,10,Najrān
SA,11,AI Bāhah
SA,12,AI Jawf
SA,14,'Asīr
SB,CE,Central
SB,CH,Choiseul
SB,CT,Capital Territory (Honiara)
SB,GU,Guadalcanal
SB,IS,Isabel
SB,MK,Makira‐Ulawa
SB,ML,Malaita
SB,RB,Rennell and Bellona
SB,TE,Temotu
SB,WE,Western
SC,01,Anse aux Pins
SC,02,Anse Boileau
SC,03,Anse Étoile
SC,04,Au Cap
SC,05,Anse Royale
SC,06,Baie Lazare
SC,07,Baie Sainte Anne
SC,08,Beau Vallon
SC,09,Bel Air
SC,10,Bel Ombre
SC,11,Cascade
SC,12,Glacis
SC,13,Grand'Anse Mahé
SC,14,Grand'Anse Praslin
SC,15,La Digue
SC,16,La Rivière Anglaise
SC,17,Mont Buxton
SC,18,Mont Fleuri
SC,19,Plaisance
SC,20,Pointe La Rue
SC,21,Port Glaud
SC,22,Saint Louis
SC,23,Takamaka
SC,24,Lemamel
SC,25,Ros Kaiman
SD,DC,Wasaţ Dārfūr Zālinjay
SD,DE,Sharq Dārfūr
SD,DN,Shamāl Dārfūr
SD,DS,Janūb Dārfūr
SD,DW,Gharb Dārfūr
SD,GD,Al Qadārif
SD,GK,Gharb Kurdufān
SD,GZ,Al Jazīrah
SD,KA,Kassalā
SD,KH,Al Kharţūm
SD,KN,Shiamāl Kurdufān
SD,KS,Janūb Kurdufān
SD,NB,An Nil al Azraq
SD,NO,Ash Shamālīyah
SD,NR,Nahr an Nīl
SD,NW,An Nīl al Abyaḑ
SD,RS,Al Baḩr al Aḩmar
SD,SI,Sinnār
SE,AB,Stockholms län
SE,AC,Västerbottens län
SE,BD,Norrbottens län
SE,C,Uppsala län
SE,D,Södermanlands län
SE,E,Östergötlands län
SE,F,Jönköpings län
SE,G,Kronoborgs län
SE,H,Kalmar län
SE,I,Gotlands län
SE,K,Blekinge län
SE,M,Skåne län
SE,N,Hallands län
SE,O,Västra Götalands län
SE,S,Värmlands län
SE,T,Örebro län
SE,U,Västmanlands län
SE,W,Dalarnes län
SE,X,Gävleborgs län
SE,Y,Västernorrlands län
SE,Z,Jämtlands län
SG,01,Central Singapore
SG,02,North East
SG,03,North West
SG,04,South East
SG,05,South West
SH,AC,Ascension
SH,HL,Saint Helena
SH,TA,Tristan da Cunha
SI,001,Ajdovščina
SI,002,Beltinci
SI,003,Bled
SI,004,Bohinj
SI,005,Borovnica
SI,006,Bovec
SI,007,Brda
SI,008,Brezovica
SI,009,Brežice
SI,010,Tišina
SI,011,Celje
SI,012,Cerklje na Gorenjskem
SI,013,Cerknica
SI,014,Cerkno
SI,015,Črenšovci
SI,016,Črna na Koroškem
SI,017,Črnomelj
SI,018,Destrnik
SI,019,Divača
SI,020,Dobrepolje
SI,021,Dobrova-Polhov Gradec
SI,022,Dol pri Ljubljani
SI,023,Domžale
SI,024,Dornava
SI,025,Dravograd
SI,026,Duplek
SI,027,Gorenja vas-Poljane
SI,028,Gorišnica
SI,029,Gornja Radgona
SI,030,Gornji Grad
SI,031,Gornji Petrovci
SI,032,Grosuplje
SI,033,Šalovci
SI,034,Hrastnik
SI,035,Hrpelje-Kozina
SI,036,Idrija
SI,037,Ig
SI,038,Ilirska Bistrica
SI,039,Ivančna Gorica
SI,040,Izola
SI,041,Jesenice
SI,042,Juršinci
SI,043,Kamnik
SI,044,Kanal
SI,045,Kidričevo
SI,046,Kobarid
SI,047,Kobilje
SI,048,Kočevje
SI,049,Komen
SI,050,Koper
SI,051,Kozje
SI,052,Kranj
SI,053,Kranjska Gora
SI,054,Krško
SI,055,Kungota
SI,056,Kuzma
SI,057,Laško
SI,058,Lenart
SI,059,Lendava
SI,060,Litija
SI,061,Ljubljana
SI,062,Ljubno
SI,063,Ljutomer
SI,064,Logatec
SI,065,Loška dolina
SI,066,Loški Potok
SI,067,Luče
SI,068,Lukovica
SI,069,Majšperk
SI,070,Maribor
SI,071,Medvode
SI,072,Mengeš
SI,073,Metlika
SI,074,Mežica
SI,075,Miren-Kostanjevica
SI,076,Mislinja
SI,077,Moravče
SI,078,Moravske Toplice
SI,079,Mozirje
SI,080,Murska Sobota
SI,081,Muta
SI,082,Naklo
SI,083,Nazarje
SI,084,Nova Gorica
SI,085,Novo mesto
SI,086,Odranci
SI,087,Ormož
SI,088,Osilnica
SI,089,Pesnica
SI,090,Piran
SI,091,Pivka
SI,092,Podčetrtek
SI,093,Podvelka
SI,094,Postojna
SI,095,Preddvor
SI,096,Ptuj
SI,097,Puconci
SI,098,Rače-Fram
SI,099,Radeče
SI,100,Radenci
SI,101,Radlje ob Dravi
SI,102,Radovljica
SI,103,Ravne na Koroškem
SI,104,Ribnica
SI,105,Rogašovci
SI,106,Rogaška Slatina
SI,107,Rogatec
SI,108,Ruše
SI,109,Semič
SI,110,Sevnica
SI,111,Sežana
SI,112,Slovenj Gradec
SI,113,Slovenska Bistrica
SI,114,Slovenske Konjice
SI,115,Starše
SI,116,Sveti Jurij
SI,117,Šenčur
SI,118,Šentilj
SI,119,Šentjernej
SI,120,Šentjur
SI,121,Škocjan
SI,122,Škofja Loka
SI,123,Škofljica
SI,124,Šmarje pri Jelšah
SI,125,Šmartno ob Paki
SI,126,Šoštanj
SI,127,Štore
SI,128,Tolmin
SI,129,Trbovlje
SI,130,Trebnje
SI,131,Tržič
SI,132,Turnišče
SI,133,Velenje
SI,134,Velike Lašče
SI,135,Videm
SI,136,Vipava
SI,137,Vitanje
SI,138,Vodice
SI,139,Vojnik
SI,140,Vrhnika
SI,141,Vuzenica
SI,142,Zagorje ob Savi
SI,143,Zavrč
SI,144,Zreče
SI,146,Železniki
SI,147,Žiri
SI,148,Benedikt
SI,149,Bistrica ob Sotli
SI,150,Bloke
SI,151,Braslovče
SI,152,Cankova
SI,153,Cerkvenjak
SI,154,Dobje
SI,155,Dobrna
SI,156,Dobrovnik
SI,157,Dolenjske Toplice
SI,158,Grad
SI,159,Hajdina
SI,160,Hoče-Slivnica
SI,161,Hodoš
SI,162,Horjul
SI,163,Jezersko
SI,164,Komenda
SI,165,Kostel
SI,166,Križevci
SI,167,Lovrenc na Pohorju
SI,168,Markovci
SI,169,Miklavž na Dravskem polju
SI,170,Mirna Peč
SI,171,Oplotnica
SI,172,Podlehnik
SI,173,Polzela
SI,174,Prebold
SI,175,Prevalje
SI,176,Razkrižje
SI,177,Ribnica na Pohorju
SI,178,Selnica ob Dravi
SI,179,Sodražica
SI,180,Solčava
SI,181,Sveta Ana
SI,182,Sveti Andraž v Slovenskih goricah
SI,183,Šempeter-Vrtojba
SI,184,Tabor
SI,185,Trnovska vas
SI,186,Trzin
SI,187,Velika Polana
SI,188,Veržej
SI,189,Vransko
SI,190,Žalec
SI,191,Žetale
SI,192,Žirovnica
SI,193,Žužemberk
SI,194,Šmartno pri Litiji
SI,195,Apače
SI,196,Cirkulane
SI,197,Kosanjevica na Krki
SI,198,Makole
SI,199,Mokronog-Trebelno
SI,200,Poljčane
SI,201,Renèe-Vogrsko
SI,202,Središče ob Dravi
SI,203,Straža
SI,204,"Sveta Trojica v Slovenskih Goricah"
SI,205,Sveti Tomaž
SI,206,Šmarješke Toplice
SI,207,Gorje
SI,208,Log-Dragomer
SI,209,Rečica ob Savinji
SI,210,Sveti Jurij v Slovenskih Goricah
SI,211,Šentrupert
SI,212,Mirna
SI,213,Ankaran
SK,BC,Banskobystrický kraj
SK,BL,Bratislavský kraj
SK,KI,Košický kraj
SK,NI,Nitriansky kraj
SK,PV,Prešovský kraj
SK,TA,Trnavský kraj
SK,TC,Trenčiansky kraj
SK,ZI,Žilinský kraj
SL,E,Eastern
SL,N,Northern
SL,NW,North Western
SL,S,Southern
SL,W,Western Area (Freetown)
SM,01,Acquaviva
SM,02,Chiesanuova
SM,03,Domagnano
SM,04,Faetano
SM,05,Fiorentino
SM,06,Borgo Maggiore
SM,07,San Marino
SM,08,Montegiardino
SM,09,Serravalle
SN,DB ,Diourbel
SN,DK,Dakar
SN,FK,Fatick
SN,KA,Kaffrine
SN,KD,Kolda
SN,KE,Kédougou
SN,KL,Kaolack
SN,LG,Louga
SN,MT,Matam
SN,SE,Sédhiou
SN,SL,Saint-Louis
SN,TC,Tambacounda
SN,TH,Thiès
SN,ZG,Ziguinchor
SO,AW,Awdal
SO,BK,Bakool
SO,BN,Banaadir
SO,BR,Bari
SO,BY,Bay
SO,GA,Galguduud
SO,GE ,Gedo
SO,HI,Hiiraan
SO,JD,Jubbada Dhexe
SO,JH,Jubbada Hoose
SO,MU,Mudug
SO,NU,Nugaal
SO,SA,Sanaag
SO,SD,Shabeellaha Dhexe
SO,SH,Shabeellaha Hoose
SO,SO,Sool
SO,TO,Togdheer
SO,WO,Woqooyi Galbeed
SR,BR,Brokopondo
SR,CM,Commewijne
SR,CR,Coronie
SR,MA,Marowijne
SR,NI,Nickerie
SR,PM,Paramaribo
SR,PR,Para
SR,SA,Saramacca
SR,SI,Sipaliwini
SR,WA,Wanica
SS,BN,Northern Bahr el Ghazal
SS,BW,Western Bahr el Ghazal
SS,EC,Central Equatoria
SS,EE,Eastern Equatoria
SS,EW,Western Equatoria
SS,JG,Jonglei
SS,LK,Lakes
SS,NU,Upper Nile
SS,UY,Unity
SS,WR,Warrap
ST,P,Príncipe
ST,S,São Tomé
SV,AH,Ahuachapán
SV,CA,Cabañas
SV,CH,Chalatenango
SV,CU,Cuscatlán
SV,LI,La Libertad
SV,MO,Morazán
SV,PA,La Paz
SV,SA,Santa Ana
SV,SM,San Miguel
SV,SO,Sonsonate
SV,SS,San Salvador
SV,SV,San Vicente
SV,UN,La Unión
SV,US,Usulután
SY,DI,Dimashq
SY,DR,Dar'ā
SY,DY,Dayr az Zawr
SY,HA,AI Hasakah
SY,HI,Himş
SY,HL,Halab
SY,HM,Hamāh
SY,ID,Idlib
SY,LA,AI Lādhiqīyah
SY,QU,AI Qunayţirah
SY,RA,Ar Raqqah
SY,RD,Rīf Dimashq
SY,SU,As Suwaydā'
SY,TA,Ţarţūs
SZ,HH,Hhohho
SZ,LU,Lubombo
SZ,MA,Manzini
SZ,SH,Shiselweni
TD,BA,Batha
TD,BG,Baḩr al Ghazāl
TD,BO,Būrkū
TD,CB,Chari-Baguirmi
TD,EE,Ennedi-Est
TD,EO,Ennedi-Ouest
TD,GR,Guéra
TD,HL,Hadjer Lamis
TD,KA,Kanem
TD,LC,Lac
TD,LO,Logone-Occidental
TD,LR,Logone-Oriental
TD,MA,Mandoul
TD,MC,Moyen-Chari
TD,ME,Mayo‐Kebbi‐Est
TD,MO,Mayo‐Kebbi‐Ouest
TD,ND,Ville de Ndjamena
TD,OD,Ouaddaï
TD,SA,Salamat
TD,SI,Sīlā
TD,TA,Tandjilé
TD,TI,Tibastī
TD,WF,Wadi Fira
TG,C,Centrale
TG,K,Kara
TG,M,Maritime (Région)
TG,P,Plateaux
TG,S,Savanes
TH,10,Krung Thep Maha Nakhon [Bangkok]
TH,11,Samut Prakan
TH,12,Nonthaburi
TH,13,Pathum Thani
TH,14,Phra Nakhon Si Ayutthaya
TH,15,Ang Thong
TH,16,Lop Buri
TH,17,Sing Buri
TH,18,Chai Nat
TH,19,Saraburi
TH,20,Chon Buri
TH,21,Rayong
TH,22,Chanthaburi
TH,23,Trat
TH,24,Chachoengsao
TH,25,Prachin Buri
TH,26,Nakhon Nayok
TH,27,Sa Kaeo
TH,30,Nakhon Ratchasima
TH,31,Buri Ram
TH,32,Surin
TH,33,Si Sa Ket
TH,34,Ubon Ratchathani
TH,35,Yasothon
TH,36,Chaiyaphum
TH,37,Amnat Charoen
TH,38,Bueng Kan
TH,39,Nong Bua Lam Phu
TH,40,Khon Kaen
TH,41,Udon Thani
TH,42,Loei
TH,43,Nong Khai
TH,44,Maha Sarakham
TH,45,Roi Et
TH,46,Kalasin
TH,47,Sakon Nakhon
TH,48,Nakhon Phanom
TH,49,Mukdahan
TH,50,Chiang Mai
TH,51,Lamphun
TH,52,Lampang
TH,53,Uttaradit
TH,54,Phrae
TH,55,Nan
TH,56,Phayao
TH,57,Chiang Rai
TH,58,Mae Hong Son
TH,60,Nakhon Sawan
TH,61,Uthai Thani
TH,62,Kamphaeng Phet
TH,63,Tak
TH,64,Sukhothai
TH,65,Phitsanulok
TH,66,Phichit
TH,67,Phetchabun
TH,70,Ratchaburi
TH,71,Kanchanaburi
TH,72,Suphan Buri
TH,73,Nakhon Pathom
TH,74,Samut Sakhon
TH,75,Samut Songkhram
TH,76,Phetchaburi
TH,77,Prachuap Khiri Khan
TH,80,Nakhon Si Thammarat
TH,81,Krabi
TH,82,Phangnga
TH,83,Phuket
TH,84,Surat Thani
TH,85,Ranong
TH,86,Chumphon
TH,90,Songkhla
TH,91,Satun
TH,92,Trang
TH,93,Phatthalung
TH,94,Pattani
TH,95,Yala
TH,96,Narathiwat
TH,S ,Phatthaya
TJ,DU,Dushanbe
TJ,GB,Kŭhistoni Badakhshon
TJ,KT,Khatlon
TJ,RA,nohiyahoi tobei jumhurí
TJ,SU,Sughd
TL,AL,Aileu
TL,AN,Ainaro
TL,BA,Baucau
TL,BO,Bobonaro
TL,CO,Cova Lima
TL,DI,Díli
TL,ER,Ermera
TL,LA,Lautém
TL,LI,Liquiça
TL,MF,Manufahi
TL,MT,Manatuto
TL,OE, Oé-Cusse Ambeno
TL,VI,Viqueque
TM,A,Ahal
TM,B,Balkan
TM,D,Daşoguz
TM,L,Lebap
TM,M,Mary
TM,S,Aşgabat
TN,11,Tunis
TN,12,L'Ariana
TN,13,Ben Arous
TN,14,La Manouba
TN,21,Nabeul
TN,22,Zaghouan
TN,23,Bizerte
TN,31,Béja
TN,32,Jendouba
TN,33,Le Kef
TN,34,Siliana
TN,41,Kairouan
TN,42,Kasserine
TN,43,Sidi Bouzid
TN,51,Sousse
TN,52,Monastir
TN,53,Mahdia
TN,61,Sfax
TN,71,Gafsa
TN,72,Tozeur
TN,73, Kébili
TN,81,Gabès
TN,82,Médenine
TN,83,Tataouine
TO,01,'Eua
TO,02,Ha'apai
TO,03,Niuas
TO,04,Tongatapu
TO,05,Vava'u
TR,01,Adana
TR,02,Adiyaman
TR,03,Afyonkarahisar
TR,04,Ağrı
TR,05,Amasya
TR,06,Ankara
TR,07,Antalya
TR,08,Artvin
TR,09,Aydın
TR,10,Balıkesir
TR,11,Bilecik
TR,12,Bingöl
TR,13,Bitlis
TR,14,Bolu
TR,15,Burdur
TR,16,Bursa
TR,17,Canakkale
TR,18,Çankırı
TR,19,Corum
TR,20,Denizli
TR,21,Diyarbakir
TR,22,Edirne
TR,23,Elazığ
TR,24,Erzincan
TR,25,Erzurum
TR,26,Eskişehir
TR,27,Gaziantep
TR,28,Giresun
TR,29,Gümüşhane
TR,30,Hakkari
TR,31,Hatay
TR,32,Isparta
TR,33,Mersin
TR,34,İstanbul
TR,35,İzmir
TR,36,Kars
TR,37,Kastamonu
TR,38,Kayseri
TR,39,Kırklareli
TR,40,Kırşehir
TR,41,Kocaeli
TR,42,Konya
TR,43,Kütahya
TR,44,Malatya
TR,45,Manisa
TR,46,Kahramanmaraş
TR,47,Mardin
TR,48,Muğla
TR,49,Muş
TR,50,Nevsehir
TR,51,Niğde
TR,52,Ordu
TR,53,Rize
TR,54,Sakarya
TR,55,Samsun
TR,56,Siirt
TR,57,Sinop
TR,58,Sivas
TR,59,Tekirdağ
TR,60,Tokat
TR,61,Trabzon
TR,62,Tunceli
TR,63,Şanlıurfa
TR,64,Uşak
TR,65,Van
TR,66,Yozgat
TR,67,Zonguldak
TR,68,Aksaray
TR,69,Bayburt
TR,70,Karaman
TR,71,Kırıkkale
TR,72,Batman
TR,73,Şırnak
TR,74,Bartın
TR,75,Ardahan
TR,76,Iğdır
TR,77,Yalova
TR,78,Karabuk
TR,79,Kilis
TR,80,Osmaniye
TR,81,Düzce
TT,ARI,Arima
TT,CHA,Chaguanas
TT,CTT,Couva-Tabaquite-Talparo
TT,DMN,Diego Martin
TT,MRC,Mayaro-Rio Claro
TT,PED,Penal-Debe
TT,POS,Port of Spain
TT,PRT,Princes Town
TT,PTF,Point Fortin
TT,SFO,San Fernando
TT,SGE,Sangre Grande
TT,SIP,Siparia
TT,SJL,San Juan-Laventille
TT,TOB,Tobago
TT,TUP,Tunapuna-Piarco
TV,FUN,Funafuti
TV,NIT,Niutao
TV,NIU,Nui
TV,NKF,Nukufetau
TV,NKL,Nukulaelae
TV,NMA,Nanumea
TV,NMG,Nanumaga
TV,VAI,Vaitupu
TW,CHA,Changhua
TW,CYI,Chiayi
TW,CYQ,Chiayi
TW,HSQ,Hsinchu
TW,HSZ,Hsinchu
TW,HUA,Hualien
TW,ILA,Yilan
TW,KEE,Keelung
TW,KHH,Kaohsiung
TW,KIN,Kinmen
TW,LIE,Lienchiang
TW,MIA,Miaoli
TW,NAN,Nantou
TW,NWT,New Taipei
TW,PEN,Penghu
TW,PIF,Pingtung
TW,TAO,Taoyuan
TW,TNN,Tainan
TW,TPE,Taipei
TW,TTT,Taitung
TW,TXG,Taichung
TW,YUN,Yunlin
TZ,01,Arusha
TZ,02,Dar es Salaam
TZ,03,Dodoma
TZ,04,Iringa
TZ,05,Kagera
TZ,06,Kaskazini Pemba
TZ,07,Kaskazini Unguja
TZ,08,Kigoma
TZ,09,Kilimanjaro
TZ,10,Kusini Pemba
TZ,11,Kusini Unguja
TZ,12,Lindi
TZ,13,Mara
TZ,14,Mbeya
TZ,15,Mjini Magharibi
TZ,16,Morogoro
TZ,17,Mtwara
TZ,18,Mwanza
TZ,19,Pwani
TZ,20,Rukwa
TZ,21,Ruvuma
TZ,22,Shinyanga
TZ,23,Singida
TZ,24,Tabora
TZ,25,Tanga
TZ,26,Manyara
TZ,27,Geita
TZ,28,Katavi
TZ,29,Njombe
TZ,30,Simiyu
TZ,31, Songwe
UA,05,Vinnytska oblast
UA,07,Volynska oblast
UA,09,Luhanska oblast
UA,12,Dnipropetrovska oblast
UA,14,Donetska oblast
UA,18,Zhytomyrska oblast
UA,21,Zakarpatska oblast
UA,23,Zaporizka oblast
UA,26,Ivano‐Frankivska oblast
UA,30,Kyiv
UA,32,Kyivska oblast
UA,35,Kirovohradska oblast
UA,40,Sevastopol
UA,43,Avtonomna Respublika Krym
UA,46,Lvivska oblast
UA,48,Mykolaivska oblast
UA,51,Odeska oblast
UA,53,Poltavska oblast
UA,56,Rivnenska oblast
UA,59,Sumska oblast
UA,61,Ternopilska oblast
UA,63,Kharkivska oblast
UA,65,Khersonska oblast
UA,68,Khmelnytska oblast
UA,71,Cherkaska oblast
UA,74,Chernihivska oblast
UA,77,Chernivetska oblast
UG,101,Kalangala
UG,102,Kampala
UG,103,Kiboga
UG,104,Luwero
UG,105,Masaka
UG,106,Mpigi
UG,107,Mubende
UG,108,Mukono
UG,109,Nakasongola
UG,110,Rakai
UG,111,Sembabule
UG,112,Kayunga
UG,113,Wakiso
UG,114,Lyantonde
UG,115,Mityana
UG,116,Nakaseke
UG,117,Buikwe
UG,118,Bukomansibi
UG,119,Butambala
UG,120,Buvuma
UG,121,Gomba
UG,122,Kalungu
UG,123,Kyankwanzi
UG,124,Lwengo
UG,125,Kyotera
UG,126,Kasanda
UG,201,Bugiri
UG,202,Busia
UG,203,Iganga
UG,204,Jinja
UG,205,Kamuli
UG,206,Kapchorwa
UG,207,Katakwi
UG,208,Kumi
UG,209,Mbale
UG,210,Pallisa
UG,211,Soroti
UG,212,Tororo
UG,213,Kaberamaido
UG,215,Sironko
UG,216,Amuria
UG,217,Budaka
UG,218,Bududa
UG,219,Bukedea
UG,220,Bukwa
UG,221,Butaleja
UG,222,Kaliro
UG,223,Manafwa
UG,224,Namutumba
UG,225,Bulambuli
UG,226,Buyende
UG,227,Kibuku
UG,228,Kween
UG,229,Luuka
UG,230,Namayingo
UG,231,Ngora
UG,232,Serere
UG,233,Butebo
UG,234,Namisindwa
UG,235,Bugweri
UG,236,Kapelebyong
UG,244,Mayuge
UG,301,Adjumani
UG,302,Apac
UG,303,Arua
UG,304,Gulu
UG,305,Kitgum
UG,306,Kotido
UG,307,Lira
UG,308,Moroto
UG,309,Moyo
UG,310,Nebbi
UG,311,Nakapiripirit
UG,312,Pader
UG,313,Yumbe
UG,314,Abim
UG,315,Amolatar
UG,316,Amuru
UG,317,Dokolo
UG,318,Kaabong
UG,319,Koboko
UG,320,Maracha
UG,321,Oyam
UG,325,Kole
UG,326,Lamwo
UG,327,Napak
UG,328,Nwoya
UG,329,Otuke
UG,330,Zombo
UG,331,Omoro
UG,332,Pakwach
UG,333,Kwania
UG,334,Nabilatuk
UG,401,Bundibugyo
UG,402,Bushenyi
UG,403,Hoima
UG,404,Kabale
UG,405,Kabarole
UG,406,Kasese
UG,407,Kibaale
UG,408,Kisoro
UG,409,Masindi
UG,410,Mbarara
UG,411,Ntungamo
UG,412,Rukungiri
UG,413,Kamwenge
UG,414,Kanungu
UG,415,Kyenjojo
UG,416,Buliisa
UG,417,Ibanda
UG,418,Isingiro
UG,419,Kiruhura
UG,420,Buhweju
UG,421,Kiryandongo
UG,422,Kyegegwa
UG,423,Mitooma
UG,424,Ntoroko
UG,425,Rubirizi
UG,426,Sheema
UG,427,Kagadi
UG,428,Kakumiro
UG,429,Rubanda
UG,430,Bunyangabu
UG,431,Rukiga
UG,432,Kikuube
UM,67,Johnston Atoll (ISO reserved code = JT)
UM,71,Midway Islands (ISO reserved code = I)
UM,76,Navassa Island (ISO reserved code = NV)
UM,79,Wake Island (ISO reserved code = WK)
UM,81,Baker Island
UM,84,Howland Island
UM,86,Jarvis Island
UM,89,Kingman Reef
UM,95,Palmyra Atoll
US,AK,Alaska
US,AL,Alabama
US,AR,Arkansas
US,AS,American Samoa (see also separate entry under AS)
US,AZ,Arizona
US,CA,California
US,CO,Colorado
US,CT,Connecticut
US,DC,District of Columbia
US,DE,Delaware
US,FL,Florida
US,GA,Georgia
US,GU,Guam (see also separate entry under GU)
US,HI,Hawaii
US,IA,Iowa
US,ID,Idaho
US,IL,Illinois
US,IN,Indiana
US,KS,Kansas
US,KY,Kentucky
US,LA,Louisiana
US,MA,Massachusetts
US,MD,Maryland
US,ME,Maine
US,MI,Michigan
US,MN,Minnesota
US,MO,Missouri
US,MP,Northern Mariana Islands (see also separate entry MP)
US,MS,Mississippi
US,MT,Montana
US,NC,North Carolina
US,ND,North Dakota
US,NE,Nebraska
US,NH,New Hampshire
US,NJ,New Jersey
US,NM,New Mexico
US,NV,Nevada
US,NY,New York
US,OH,Ohio
US,OK,Oklahoma
US,OR,Oregon
US,PA,Pennsylvania
US,PR,Puerto Rico (see also separate entry under PR)
US,RI,Rhode Island
US,SC,South Carolina
US,SD,South Dakota
US,TN,Tennessee
US,TX,Texas
US,UM,U.S. Minor Outlying Islands (cf. separate entry UM)
US,UT,Utah
US,VA,Virginia
US,VI,Virgin Islands of the U.S. (see also separate entry VI)
US,VT,Vermont
US,WA,Washington
US,WI,Wisconsin
US,WV,West Virginia
US,WY,Wyoming
UY,AR,Artigas
UY,CA,Canelones
UY,CL,Cerro Largo
UY,CO,Colonia
UY,DU,Durazno
UY,FD,Florida
UY,FS,Flores
UY,LA,Lavalleja
UY,MA,Maldonado
UY,MO,Montevideo
UY,PA,Paysandú
UY,RN,Río Negro
UY,RO,Rocha
UY,RV,Rivera
UY,SA,Salto
UY,SJ,San José
UY,SO,Soriano
UY,TA,Tacuarembó
UY,TT,Treinta y Tres
UZ,AN,Andijon
UZ,BU,Bukhoro
UZ,FA,Farg‘ona
UZ,JI,Jizzax
UZ,KH,Khorazm
UZ,NG,Namangan
UZ,NW,Nawoiy
UZ,QA,Qashqadaryo
UZ,QR,Qoraqalpog‘iston Respublikasi
UZ,SA,Samarqand
UZ,SI,Sirdaryo
UZ,SU,Surkhondaryo
UZ,TK,Toshkent
UZ,TO,Toshkent
UZ,XO,Xorazm
VC,01,Charlotte
VC,02,Saint Andrew
VC,03,Saint David
VC,04,Saint George
VC,05,Saint Patrick
VC,06,Grenadines
VE,A,Distrito Capital
VE,B,Anzoátegui
VE,C,Apure
VE,D,Aragua
VE,E,Barinas
VE,F,Bolívar
VE,G,Carabobo
VE,H,Cojedes
VE,I,Falcón
VE,J,Guárico
VE,K,Lara
VE,L,Mérida
VE,M,Miranda
VE,N,Monagas
VE,O,Nueva Esparta
VE,P,Portuguesa
VE,R,Sucre
VE,S,Táchira
VE,T,Trujillo
VE,U,Yaracuy
VE,V,Zulia
VE,W,Dependencias Federales
VE,X,vargas
VE,Y,Delta Amacuro
VE,Z,Amazonas
VN,01,Lai Châu
VN,02,Lào Cai
VN,03,Hà Giang
VN,04,Cao Bằng
VN,05,Sơn La
VN,06,Yên Bái
VN,07,Tuyên Quang
VN,09,Lạng Sơn
VN,13,Quảng Ninh
VN,14,Hòa Bình
VN,18,Ninh Bình
VN,20,Thái Bình
VN,21,Thanh Hóa
VN,22,Nghệ An
VN,23,Hà Tĩnh
VN,24,Quảng Bình
VN,25,Quảng Trị
VN,26,Thừa Thiên-Huế
VN,27,Quảng Nam
VN,28,Kon Tum
VN,29,Quảng Ngãi
VN,30,Gia Lai
VN,31,Bình Định
VN,32,Phú Yên
VN,33,Đắk Lắk
VN,34,Khánh Hòa
VN,35,Lâm Ðồng
VN,36,Ninh Thuận
VN,37,Tây Ninh
VN,39,Ðồng Nai
VN,40,Bình Thuận
VN,41,Long An
VN,43,Bà Rịa - Vũng Tàu
VN,44,An Giang
VN,45,Ðồng Tháp
VN,46,Tiền Giang
VN,47,Kiến Giang
VN,49,Vĩnh Long
VN,50,Bến Tre
VN,51,Trà Vinh
VN,52,Sóc Trăng
VN,53,Bắc Kạn
VN,54,Bắc Giang
VN,55,Bạc Liêu
VN,56,Bắc Ninh
VN,57,Bình Dương
VN,58,Bình Phước
VN,59,Cà Mau
VN,61,Hải Dương
VN,63,Hà Nam
VN,66,Hưng Yên
VN,67,Nam Ðịnh
VN,68,Phú Thọ
VN,69,Thái Nguyên
VN,70,Vĩnh Phúc
VN,71,Điện Biên
VN,72,Đắk Nông
VN,73,Hậu Giang
VN,CT,Can Tho
VN,DN,"Da Nang, thanh pho"
VN,HN,Ha Noi
VN,HP,Hai Phong
VN,SG,Ho Chi Minh
VU,MAP,Malampa
VU,PAM,Pénama
VU,SAM,Sanma
VU,SEE,Shéfa
VU,TAE,Taféa
VU,TOB,Torba
WS,AA,A'ana
WS,AL,Aiga‐i‐le‐Tai
WS,AT,Atua
WS,FA,Fa'asaleleaga
WS,GE,Gaga'emauga
WS,GI,Gagaifomauga
WS,PA,Palauli
WS,SA,Satupa 'itea
WS,TU,Tuamasaga
WS,VF,Va'a-o-Fonoti
WS,VS,Vaisigano
YE,AB,Abyan
YE,AD,‘Adan
YE,AM,‘Amrān
YE,BA,Al Bayḑā’
YE,DA, Aḑ Ḑāli‘
YE,DH,Dhamār
YE,HD,Ḩaḑramawt
YE,HJ,Ḩajjah
YE,HU,Al Ḩudaydah
YE,IB,Ibb
YE,JA,Al Jawf
YE,LA,Lahij
YE,MA,Ma’rib
YE,MR,Al Mahrah
YE,MW,Al Maḩwīt
YE,RA,Raymah
YE,SA,Amānat al ‘Āşimah [city]
YE,SD,Sa'dah
YE,SH,Shabwah
YE,SN,Şanʻā'
YE,SU,Arkhabīl Suquţrá
YE,TA,Ta'izz
ZA,EC,Eastern Cape
ZA,FS,Free State
ZA,GP,Gauteng
ZA,KZN,Kwazulu-Natal
ZA,LP,Limpopo
ZA,MP,Mpumalanga
ZA,NC,Northern Cape
ZA,NW,North-West
ZA,WC,Western Cape
ZM,01,Western
ZM,02,Central
ZM,03,Eastern
ZM,04,Luapula
ZM,05,Northern
ZM,06,North-Western
ZM,07,Southern
ZM,08,Copperbelt
ZM,09,Lusaka
ZM,10,Muchinga
ZW,BU,Bulawayo
ZW,HA,Harare
ZW,MA,Manicaland
ZW,MC,Mashonaland Central
ZW,ME,Mashonaland East
ZW,MI,Midlands
ZW,MN,Matabeleland North
ZW,MS,Matabeleland South
ZW,MV,Masvingo
ZW,MW,Mashonaland West
